Date,Mid,Name,Amount,Count
 201207,BAHAMASEXPRES001,BAHAMAS EXPRESS,1960,6
201207,CYCLEPARTSCOM001,CYCLE PARTS.COM,25836.53,96
201208,ADTRIADLLC000001,SHOPMYCITY.COM,6487.27,94
201208,AMERICANWIREL001,AMERICAN WIRELESS INC,1739.7,30
201208,AUSTINPUBLICS001,AUSTIN PUBLIC SCHOOLS,1883.62,9
201208,AVALONWATERWA001,AVALON WATERWAYS,1632488.82,999
201208,BAHAMASEXPRES001,BAHAMAS EXPRESS,4670,11
201208,BCPSSD-SEWER0001,BCPSSD-SEWER,37028.14,374
201208,BCPSSDBCPSWD0001,BCPSSDBCPSWD,249622.19,3041
201208,BITLANCERLLC0001,BITLANCER LLC,277.5,2
201208,BLOOMINGTONIS001,BLOOMINGTON ISD CE,6283.36,34
201208,BRMMARKETINGA001,BRM MARKETING  ASSOCIATES INC,1678.62,58
201208,CAR-ISMACARWA001,CAR-ISMA CAR WASH,1171,121
201208,CHOICECOMMUNI002,CHOICE COMMUNICATIONS LLC,144437.91,2416
201208,CITYOFARLINGT001,CITY OF ARLINGTON,1589.78,10
201208,CITYOFBALTIC0001,CITY OF BALTIC,64.35,1
201208,CITYOFBENSONA001,CITY OF BENSON-AIRPORT,1155.96,5
201208,CITYOFCOLLEYV001,CITY OF COLLEYVILLE,1140.32,12
201208,CITYOFCOLLEYV003,COLLEYVILLE CITY COURT,11731.49,63
201208,CITYOFCOLLEYV006,COLLEYVILLE PERMITS,3839.18,24
201208,CITYOFLAKECRY002,CITY OF LAKE CRYSTAL,5532.75,32
201208,CITYOFLAKENOR001,CITY OF LAKE NORDEN,69.07,1
201208,CITYOFLUVERNE001,CITY OF LUVERNE,54.69,3
201208,CITYOFMONTBEL001,CITY OF MONT BELVIEU,961.51,5
201208,CITYOFPARKER0001,CITY OF PARKER,1554.23,8
201208,CITYOFVICTORI002,CITY OF VICTORIA,1331.98,8
201208,CITYOFVICTORI003,CITY OF VICTORIA-FIELD,2378.57,19
201208,CITYOFWINSTED001,CITY OF WINSTED,1214.78,11
201208,COMNETWIRELES001,CHOICE WIRELESS,39470.44,533
201208,CONTINENTALAI001,UNITED,1848,1
201208,COSMOSNORTHAM001,COSMOS NORTH AMERICAN OPTIONALS,233012.7,647
201208,COSMOSTOURS00001,COSMOS TOURS,2327561.7,1198
201208,CYCLEPARTSCOM001,CYCLE PARTS.COM,59067.64,207
201208,DELTAVACATION001,DELTA VACATIONS,80847,19
201208,DESMOINESPUBL003,COMMED DMSCHOOLS,27609,532
201208,EANESISD00000001,EANES ISD,1359.29,14
201208,EMERALDCOVEMA001,EMERALD COVE MARINA,46295.32,662
201208,GLOBUSFAMILYP002,GLOBUS FAMILY PURCHASE,4425,57
201208,GLOBUSNORTHAM001,GLOBUS NORTH AMERICAN OPTIONALS,40019.5,186
201208,GLOBUSTOURS00001,GLOBUS TOURS,8244909.57,2714
201208,GOODNEWSGARDE002,GOOD NEWS GARDENING CAFE,8987.44,547
201208,GOODVIEWCITY0001,GOODVIEW CITY,240.14,3
201208,GOODVIEWPUBLI001,GOODVIEW PUBLIC WORKS,1141.49,14
201208,GREATERLVASSO001,GREATER LV ASSOC OF REALTORS,325162.78,1398
201208,INNOVATIVEOUT001,INNOVATIVE OUTSOURCING INC,595,1
201208,ISD217FINANCE001,ISD 271FINANCE OFFICE,100,2
201208,KERRVILLEISD0002,KERRVILLE ISD,3718.61,12
201208,KINGSWAYAMIGO001,KINGSWAY AMIGO INSURANCE CO,174604.99,600
201208,KISHVETERINAR001,KISH VETERINARY SERVICES,632.08,6
201208,KWIKOMLLC0000001,KWIKOM COMMUNICATIONS,81.41,1
201208,LAKECRYSTALAR001,LAKE CRYSTAL AREA RC,2942.8,44
201208,LEWISCLARKRIV001,LEWIS  CLARK RIVER EXPEDITIONS,12.24,2
201208,LIN-MARKSPORT001,LIN-MARK SPORTS,85,1
201208,MERCYCOLLEGEA001,MERCY COLLEGE AT NW OF OHIO-DEGREED,117887.09,78
201208,MIXANDMINGLEG001,MIX AND MINGLE GREEK BISTRO,1024.64,21
201208,MONOGRAMS0000001,MONOGRAMS,990400.94,420
201208,MONOGRAMSPREP001,GLOBUS FAMILY PPO,219842,600
201208,NETHERE200000001,NETHERE 2,10185.48,8
201208,NORMANDYFARMS003,NORMANDY FARMS CAMPGROUND,10729.85,594
201208,NORTHAMERICAO002,NORTH AMERICA OPTIONALS,8268,22
201208,ONESTOPPARKIN001,ONESTOPPARKING.COM,73255.82,2031
201208,ORBRIDGEOPTIO001,ORBRIDGE OPTIONALS,1750,13
201208,ORGONITE00000001,ORGONITE,601.12,13
201208,OWATONNACOMME001,OWATONNA COMM. EDUC.,12390,212
201208,PARAGONREPROD001,PARAGON REPRODUCTIONS,268191.03,1345
201208,PERFORMANCEDI001,PERFORMANCE DIAGNOSTIC,2663.86,14
201208,PIONEERLINENS001,PIONEER LINENS,82267.24,253
201208,PIONEERLINENS002,PIONEER LINENS - FLOOR SALES,119817.26,195
201208,PIONEERLINENS003,PIONEER LINENS - YACHT SALES,22905.31,9
201208,PROKNEE000000002,PROKNEE,42612,155
201208,QUEENLANDINC0001,CAMP A WAY,553.14,8
201208,REALTYSTORECO001,REALTYSTORE.COM,89.4,2
201208,REDOAKCOURT00001,RED OAK CITY COURT,19073.2,100
201208,ROOTAUTOMATIO001,ROOT AUTOMATION,975.9,16
201208,SEMO-JPBOOKST001,SEMO-JP BOOKSTORE,290.97,8
201208,SKIPPERSBOOST001,SKIPPERS BOOSTER CLUB,12385.6,274
201208,SMARTBID00000001,SMARTBID,6515.01,292
201208,STASNYSFOODMA001,STASNYS FOOD MARKET,380.81,2
201208,STCLOUDCITYWE001,ST CLOUD UTILITY,5145,217
201208,STILLWATERPAR001,STILLWATER PARK RAMP,200,45
201208,STILLWATERPAR002,STILLWATER PARK RAMP,300,80
201208,STILLWATERPAR003,STILLWATER PARK RAMP,13.01,5
201208,STILLWATERPAR004,STILLWATER PARKING LOT,1929,487
201208,STILLWATERPAR005,STILLWATER PARKING LOT,8609.25,2159
201208,THEACTIVENETW001,THE ACTIVE NETWORK INC,22447,53
201208,THEEONISTORE0001,EONI INTERNET,20463.01,475
201208,VERI-TAXCOM00001,VERI TAX LLC,42205,282
201208,VERIFICATIONB001,VERIFICATION BUREAU,6619.6,22
201208,WAXYOCONNORSI001,WAXY OCONNORS IRISH PUB  RESTAURANT,33434.63,741
201208,WEBSBIGGESTCO001,WEBSBIGGEST.COM,4227,125
201208,YMCA-PHIL-ABINGT,YMCA PHILADELPHIA- ABINGTON,111377.2,1225
201208,YMCA-PHIL-AMBLER,YMCA PHILADELPHIA- AMBLER,197006.42,2107
201208,YMCA-PHIL-CHRIST,YMCA PHILADELPHIA- CHRISTIAN ST,46859.46,764
201208,YMCA-PHIL-COLUMB,YMCA PHILADELPHIA- COLUMBIA N BRANCH,16377.26,400
201208,YMCA-PHIL-HATBOR,YMCA PHILADELPHIA- HATBORO,72258.3,700
201208,YMCA-PHIL-NORTHE,YMCA PHILADELPHIA- NORTHEAST,62491.62,777
201208,YMCA-PHIL-ONLINE,YMCA PHILADELPHIA-ONLINE,105752.15,963
201208,YMCA-PHIL-ROCKY,YMCA PHILADELPHIA- ROCKY RUN,176058.37,2097
201208,YMCA-PHIL-ROXBOR,YMCA PHILADELPHIA- ROXBOROUGH,36278.7,449
201208,YMCA-PHIL-UPPERM,YMCA PHILADELPHIA MAIN LINE,41740.6,385
201208,YMCA-PHIL-VICIN,YMCA PHILADELPHIA AND VICINITY,3167.5,7
201208,YMCA-PHIL-WEST,YMCA PHILADELPHIA- WEST,33013.59,866
201208,YMCABOSTONONL001,YMCA BOSTON ONLINE DONATIONS,4530,15
201208,YMCADETROITCA001,YMCA DETROIT CAMP - CHARITY,10551.94,54
201208,YMCAMETROFORT001,YMCA METRO FORT WORTH,740156.12,10635
201208,YMCAOFMETROPO001,YMCA DALLAS TURKEY TROT,14001,282
201208,YMCAOFMETROPO002,YMCA DALLAS TURKEY TROT,1210,18
201208,YMCAOFMETROPO003,YMC DALLAS REGIONAL TRAINING,35,1
201208,YMCASILICONVA001,YMCA SILICON VALLEY INTERNET BRANCH,1602.5,28
201208,ZENCASH000000001,ZENCASH,1526,44
201209,ADTRIADLLC000001,SHOPMYCITY.COM,2286.5,122
201209,ALLPLAYERSCOM001,ALLPLAYERS.COM,7812,178
201209,AMERICANWIREL001,AMERICAN WIRELESS INC,4993.21,79
201209,AP2628627294,WISCONSIN JUNIORS VOLLEYB,4295,99
201209,AP6107774134,JSTROKE VOLLEYBALL CLUB,60,1
201209,AP7039308498,NORTHERN VIRGINIA VOLLEYB,50,1
201209,AP7657598790,MUNCIANA VOLLEYBALL,1050,18
201209,AP8087411276,KA ULUKOA,61176.8,34
201209,AUSTINPUBLICS001,AUSTIN PUBLIC SCHOOLS,1,1
201209,AVALONWATERWA001,AVALON WATERWAYS,2224177.15,1592
201209,BCPSSD-SEWER0001,BCPSSD-SEWER,71202.56,764
201209,BCPSSDBCPSWD0001,BCPSSDBCPSWD,552015.33,6499
201209,BECTV00000000001,BEC-TV,230,8
201209,BITLANCERLLC0001,BITLANCER LLC,744.67,4
201209,BLOOMINGTONIS001,BLOOMINGTON ISD CE,1705,20
201209,BRMMARKETINGA001,BRM MARKETING  ASSOCIATES INC,2431.27,85
201209,CHOICECOMMUNI002,CHOICE COMMUNICATIONS LLC,303926.02,5080
201209,CITYOFARLINGT001,CITY OF ARLINGTON,5584.46,34
201209,CITYOFBALTIC0001,CITY OF BALTIC,810.28,10
201209,CITYOFBENSONA001,CITY OF BENSON-AIRPORT,2759.59,17
201209,CITYOFCOLLEYV003,COLLEYVILLE CITY COURT,23690.78,124
201209,CITYOFCOLLEYV006,COLLEYVILLE PERMITS,2109.89,40
201209,CITYOFLAKECRY002,CITY OF LAKE CRYSTAL,5622.57,27
201209,CITYOFLAKENOR001,CITY OF LAKE NORDEN,1,1
201209,CITYOFLUVERNE001,CITY OF LUVERNE,58.75,5
201209,CITYOFMONTBEL001,CITY OF MONT BELVIEU,1513.05,18
201209,CITYOFPARKER0001,CITY OF PARKER,5924.61,26
201209,CITYOFVICTORI002,CITY OF VICTORIA,1028.1,17
201209,CITYOFVICTORI003,CITY OF VICTORIA-FIELD,3616.04,40
201209,CITYOFWINSTED001,CITY OF WINSTED,2385.92,28
201209,COMNETWIRELES001,CHOICE WIRELESS,89464.66,1169
201209,CONTINENTALAI001,UNITED,26848,9
201209,COSMOSNORTHAM001,COSMOS NORTH AMERICAN OPTIONALS,886514,2993
201209,COSMOSTOURS00001,COSMOS TOURS,2064744.53,1435
201209,CYCLEPARTSCOM001,CYCLE PARTS.COM,50387.89,206
201209,DELTAVACATION001,DELTA VACATIONS,55166.05,23
201209,DESMOINESPUBL003,COMMED DMSCHOOLS,36393.5,688
201209,EANESISD00000001,EANES ISD,4097.15,38
201209,EMERALDCOVEMA001,EMERALD COVE MARINA,51766.7,749
201209,ESIOBEVERAGEC001,ESIO BEVERAGE COMPANY LLC,87.92,1
201209,FCDYOUTHLLC00001,FCD YOUTH LLC,49635.04,210
201209,FREEDOMWIFI00001,FREEDOM WIFI,19.95,1
201209,GLOBUSFAMILYP002,GLOBUS FAMILY PURCHASE,6958.4,57
201209,GLOBUSNORTHAM001,GLOBUS NORTH AMERICAN OPTIONALS,210481,1041
201209,GLOBUSTOURS00001,GLOBUS TOURS,8212981.21,3661
201209,GOODNEWSGARDE002,GOOD NEWS GARDENING CAFE,15832.19,991
201209,GOODVIEWCITY0001,GOODVIEW CITY,546,8
201209,GOODVIEWPUBLI001,GOODVIEW PUBLIC WORKS,7972.3,57
201209,GREATERLVASSO001,GREATER LV ASSOC OF REALTORS,990300.94,4028
201209,INFORMATICSHO001,INFORMATICS HOLDINGS INC,7091.23,26
201209,KISHVETERINAR001,KISH VETERINARY SERVICES,311.84,8
201209,KWIKOMLLC0000001,KWIKOM COMMUNICATIONS,97.69,1
201209,LAKECRYSTALAR001,LAKE CRYSTAL AREA RC,5706.84,92
201209,LEWISCLARKRIV001,LEWIS  CLARK RIVER EXPEDITIONS,.55,2
201209,MERCYCOLLEGEA001,MERCY COLLEGE AT NW OF OHIO-DEGREED,227925.67,169
201209,MIXANDMINGLEG001,MIX AND MINGLE GREEK BISTRO,1263.09,48
201209,MONOGRAMS0000001,MONOGRAMS,1177223.31,547
201209,MONOGRAMSPREP001,GLOBUS FAMILY PPO,218359.01,680
201209,NETHERE200000001,NETHERE 2,49875.09,29
201209,NORMANDYFARMS003,NORMANDY FARMS CAMPGROUND,14743.94,776
201209,NORTHAMERICAO002,NORTH AMERICA OPTIONALS,3648,10
201209,ONESTOPPARKIN001,ONESTOPPARKING.COM,133725.03,3496
201209,ORBRIDGEOPTIO001,ORBRIDGE OPTIONALS,2240,17
201209,ORGONITE00000001,ORGONITE,638.38,25
201209,OWATONNACOMME001,OWATONNA COMM. EDUC.,54272.75,884
201209,PARAGONREPROD001,PARAGON REPRODUCTIONS,296932.99,1703
201209,PERFORMANCEDI001,PERFORMANCE DIAGNOSTIC,7068.34,10
201209,PIONEERLINENS001,PIONEER LINENS,108208.88,290
201209,PIONEERLINENS002,PIONEER LINENS - FLOOR SALES,138046.6,314
201209,PIONEERLINENS003,PIONEER LINENS - YACHT SALES,17599.7,12
201209,PROKNEE000000002,PROKNEE,66216.08,254
201209,QUEENLANDINC0001,CAMP A WAY,1966.72,11
201209,REALTYSTORECO001,REALTYSTORE.COM,49.6,1
201209,REDOAKCOURT00001,RED OAK CITY COURT,41944.74,218
201209,ROOTAUTOMATIO001,ROOT AUTOMATION,914.15,19
201209,SKIPPERSBOOST001,SKIPPERS BOOSTER CLUB,14790.06,282
201209,SMARTBID00000001,SMARTBID,15335.21,584
201209,STASNYSFOODMA001,STASNYS FOOD MARKET,1150.95,11
201209,STCLOUDCITYWE001,ST CLOUD UTILITY,14604,638
201209,STILLWATERPAR001,STILLWATER PARK RAMP,154,36
201209,STILLWATERPAR002,STILLWATER PARK RAMP,1221,268
201209,STILLWATERPAR004,STILLWATER PARKING LOT,30,6
201209,STILLWATERPAR005,STILLWATER PARKING LOT,24241.95,5970
201209,SURFSETFITNES001,SURFSET FITNESS INC,42020.98,101
201209,THEACTIVENETW001,THE ACTIVE NETWORK INC,71730,150
201209,THEEONISTORE0001,EONI INTERNET,43506.92,1054
201209,VERI-TAXCOM00001,VERI TAX LLC,82483,381
201209,VERIFICATIONB001,VERIFICATION BUREAU,9167.25,30
201209,WAXYOCONNORSI001,WAXY OCONNORS IRISH PUB  RESTAURANT,64294.18,1530
201209,WEBSBIGGESTCO001,WEBSBIGGEST.COM,6152,170
201209,WILDALCHEMY00001,WILD ALCHEMY,3435,5
201209,WORKOUTTRAINI001,WORKOUT TRAINER,4015.51,519
201209,YMCA-PHIL-ABINGT,YMCA PHILADELPHIA- ABINGTON,176634.92,2074
201209,YMCA-PHIL-AMBLER,YMCA PHILADELPHIA- AMBLER,438346.15,4645
201209,YMCA-PHIL-CHRIST,YMCA PHILADELPHIA- CHRISTIAN ST,81600.01,1715
201209,YMCA-PHIL-COLUMB,YMCA PHILADELPHIA- COLUMBIA N BRANCH,23610.69,591
201209,YMCA-PHIL-HATBOR,YMCA PHILADELPHIA- HATBORO,92726.83,1313
201209,YMCA-PHIL-NORTHE,YMCA PHILADELPHIA- NORTHEAST,81722.76,1187
201209,YMCA-PHIL-ONLINE,YMCA PHILADELPHIA-ONLINE,56382.95,400
201209,YMCA-PHIL-ROCKY,YMCA PHILADELPHIA- ROCKY RUN,339376.57,4303
201209,YMCA-PHIL-ROXBOR,YMCA PHILADELPHIA- ROXBOROUGH,69887.96,1025
201209,YMCA-PHIL-UPPERM,YMCA PHILADELPHIA MAIN LINE,74963.66,838
201209,YMCA-PHIL-VICIN,YMCA PHILADELPHIA AND VICINITY,10292.5,7
201209,YMCA-PHIL-WEST,YMCA PHILADELPHIA- WEST,54902.01,1426
201209,YMCABOSTONONL001,YMCA BOSTON ONLINE DONATIONS,4953,19
201209,YMCADETROITCA001,YMCA DETROIT CAMP - CHARITY,849.35,3
201209,YMCAMETROFORT001,YMCA METRO FORT WORTH,1058495.51,16104
201209,YMCAOFMETROPO001,YMCA DALLAS TURKEY TROT,25454,492
201209,YMCAOFMETROPO002,YMCA DALLAS TURKEY TROT,1500,23
201209,YMCAOFMETROPO003,YMC DALLAS REGIONAL TRAINING,2330,17
201209,YMCASILICONVA001,YMCA SILICON VALLEY INTERNET BRANCH,3806.25,28
201209,ZENCASH000000001,ZENCASH,1062.85,110
201210,411LOCALS0000001,411 LOCALS,806.6,11
201210,ADTRIADLLC000001,SHOPMYCITY.COM,28488.96,456
201210,ALLPLAYERSCOM001,ALLPLAYERS.COM,130996.95,1614
201210,AMERICANWIREL001,AMERICAN WIRELESS INC,6308.03,102
201210,AP2628627294,WISCONSIN JUNIORS VOLLEYB,20680,500
201210,AP3109013604,USA TEAM HANDBALL,9150,117
201210,AP4052096602,OKLAHOMA PREMIER VOLLEYBA,543.75,3
201210,AP4199373808,BLACKSWAMP VBC,4120,201
201210,AP7039308498,NORTHERN VIRGINIA VOLLEYB,28050,555
201210,AP7657598790,MUNCIANA VOLLEYBALL,40130,304
201210,AP8013224411,BOYS  GIRLS CLUBS OF GREA,11220,187
201210,AP8087411276,KA ULUKOA,41378.5,33
201210,AP9725334412,TOWN CENTER ELEMENTARY PA,75,3
201210,AVALONWATERWA001,AVALON WATERWAYS,2083323.04,1649
201210,BCPSSD-SEWER0001,BCPSSD-SEWER,62312.62,717
201210,BCPSSDBCPSWD0001,BCPSSDBCPSWD,572575.65,6674
201210,BECTV00000000001,BEC-TV,300,10
201210,BRMMARKETINGA001,BRM MARKETING  ASSOCIATES INC,1583.11,53
201210,CHOICECOMMUNI002,CHOICE COMMUNICATIONS LLC,354530.74,5779
201210,CITYOFBENSONA001,CITY OF BENSON-AIRPORT,111.95,2
201210,CITYOFCOLLEYV006,COLLEYVILLE PERMITS,2238.61,38
201210,CITYOFMONTBEL001,CITY OF MONT BELVIEU,4421.56,13
201210,CITYOFVICTORI002,CITY OF VICTORIA,530.4,8
201210,CITYOFVICTORI003,CITY OF VICTORIA-FIELD,1493.08,27
201210,CITYOFWINSTED001,CITY OF WINSTED,2497,16
201210,COMNETWIRELES001,CHOICE WIRELESS,105486.67,1316
201210,CONTINENTALAI001,UNITED,14520.2,3
201210,COSMOSNORTHAM001,COSMOS NORTH AMERICAN OPTIONALS,309605.72,1190
201210,COSMOSTOURS00001,COSMOS TOURS,1645561.94,1460
201210,CYCLEPARTSCOM001,CYCLE PARTS.COM,55026.88,255
201210,DELTAVACATION001,DELTA VACATIONS,60336.93,37
201210,DESMOINESPUBL003,COMMED DMSCHOOLS,8986,207
201210,EANESISD00000001,EANES ISD,1076.04,8
201210,EMERALDCOVEMA001,EMERALD COVE MARINA,8483.25,76
201210,ESIOBEVERAGEC001,ESIO BEVERAGE COMPANY LLC,87.92,1
201210,FCDYOUTHLLC00001,FCD YOUTH LLC,162904.02,645
201210,FREEDOMWIFI00001,FREEDOM WIFI,139.55,5
201210,GLOBUSFAMILYP002,GLOBUS FAMILY PURCHASE,5311.08,39
201210,GLOBUSNORTHAM001,GLOBUS NORTH AMERICAN OPTIONALS,101187,486
201210,GLOBUSTOURS00001,GLOBUS TOURS,7010555.81,4038
201210,GOODNEWSGARDE002,GOOD NEWS GARDENING CAFE,16895.96,1081
201210,GREATERLVASSO001,GREATER LV ASSOC OF REALTORS,1627250.32,7050
201210,INFORMATICSHO001,INFORMATICS HOLDINGS INC,7965.86,36
201210,INNOVATIVEOUT001,INNOVATIVE OUTSOURCING INC,675,2
201210,KISHVETERINAR001,KISH VETERINARY SERVICES,415.44,5
201210,MERCYCOLLEGEA001,MERCY COLLEGE AT NW OF OHIO-DEGREED,112947.14,147
201210,MIXANDMINGLEG001,MIX AND MINGLE GREEK BISTRO,1011.57,42
201210,MONOGRAMS0000001,MONOGRAMS,1434284.57,627
201210,MONOGRAMSPREP001,GLOBUS FAMILY PPO,51372,185
201210,NETHERE200000001,NETHERE 2,28304.46,29
201210,NORMANDYFARMS003,NORMANDY FARMS CAMPGROUND,10118.77,532
201210,ONESTOPPARKIN001,ONESTOPPARKING.COM,39952.85,1133
201210,ORGONITE00000001,ORGONITE,613.45,31
201210,OWATONNACOMME001,OWATONNA COMM. EDUC.,32132.84,489
201210,PERFORMANCEDI001,PERFORMANCE DIAGNOSTIC,7697.99,24
201210,PIONEERLINENS001,PIONEER LINENS,139189.59,334
201210,PIONEERLINENS002,PIONEER LINENS - FLOOR SALES,220223.33,426
201210,PIONEERLINENS003,PIONEER LINENS - YACHT SALES,15385.52,16
201210,PROKNEE000000002,PROKNEE,75183.88,292
201210,QUEENLANDINC0001,CAMP A WAY,442.9,3
201210,REALTYSTORECO001,REALTYSTORE.COM,49.6,1
201210,REDOAKCOURT00001,RED OAK CITY COURT,29005,159
201210,ROOTAUTOMATIO001,ROOT AUTOMATION,2661.91,25
201210,SKIPPERSBOOST001,SKIPPERS BOOSTER CLUB,2929.25,54
201210,SMARTBID00000001,SMARTBID,14911.69,511
201210,STASNYSFOODMA001,STASNYS FOOD MARKET,2653.2,16
201210,STCLOUDCITYWE001,ST CLOUD UTILITY,13487,474
201210,STILLWATERPAR001,STILLWATER PARK RAMP,154,30
201210,STILLWATERPAR002,STILLWATER PARK RAMP,1196,268
201210,STILLWATERPAR005,STILLWATER PARKING LOT,9891.65,2577
201210,SURFSETFITNES001,SURFSET FITNESS INC,55700.75,181
201210,THEACTIVENETW001,THE ACTIVE NETWORK INC,214557.5,455
201210,THEEONISTORE0001,EONI INTERNET,43786.28,1077
201210,VERI-TAXCOM00001,VERI TAX LLC,132205.5,346
201210,VERIFICATIONB001,VERIFICATION BUREAU,3498.3,18
201210,WAXYOCONNORSI001,WAXY OCONNORS IRISH PUB  RESTAURANT,84775.55,1920
201210,WEBSBIGGESTCO001,WEBSBIGGEST.COM,7900,198
201210,WILDALCHEMY00001,WILD ALCHEMY,1668,6
201210,WORKOUTTRAINI001,WORKOUT TRAINER,12329.67,1526
201210,YMCA-DAL-METRO,YMCA DALLAS - METRO,21.58,1
201210,YMCA-PHIL-ABINGT,YMCA PHILADELPHIA- ABINGTON,170346.72,2195
201210,YMCA-PHIL-AMBLER,YMCA PHILADELPHIA- AMBLER,468310.97,5256
201210,YMCA-PHIL-CHRIST,YMCA PHILADELPHIA- CHRISTIAN ST,83862.12,1773
201210,YMCA-PHIL-COLUMB,YMCA PHILADELPHIA- COLUMBIA N BRANCH,19658.57,497
201210,YMCA-PHIL-HATBOR,YMCA PHILADELPHIA- HATBORO,104598.6,1481
201210,YMCA-PHIL-NORTHE,YMCA PHILADELPHIA- NORTHEAST,85141.64,1241
201210,YMCA-PHIL-ONLINE,YMCA PHILADELPHIA-ONLINE,109988.15,989
201210,YMCA-PHIL-ROCKY,YMCA PHILADELPHIA- ROCKY RUN,393572.22,4652
201210,YMCA-PHIL-ROXBOR,YMCA PHILADELPHIA- ROXBOROUGH,73820.56,1011
201210,YMCA-PHIL-UPPERM,YMCA PHILADELPHIA MAIN LINE,90475.76,960
201210,YMCA-PHIL-VICIN,YMCA PHILADELPHIA AND VICINITY,23842.5,19
201210,YMCA-PHIL-WEST,YMCA PHILADELPHIA- WEST,52039.01,1402
201210,YMCABOSTONONL001,YMCA BOSTON ONLINE DONATIONS,17968,125
201210,YMCAMETROFORT001,YMCA METRO FORT WORTH,1001399.01,15249
201210,YMCAOFGREATER003,YMCA OF GREATER PITTSBURGH- METRO,65686.04,805
201210,YMCAOFMETROPO001,YMCA DALLAS TURKEY TROT,108116,1911
201210,YMCAOFMETROPO002,YMCA DALLAS TURKEY TROT,535,9
201210,YMCAOFTHEGREA001,YMCA OF THE GREATER TWIN CITIES-WEB,7381,80
201210,YMCASILICONVA001,YMCA SILICON VALLEY INTERNET BRANCH,10955.5,33
201210,ZENCASH000000001,ZENCASH,1927.78,134
201211,ADTRIADLLC000001,SHOPMYCITY.COM,2725.34,103
201211,ALLPLAYERSCOM001,ALLPLAYERS.COM,306899.2,2562
201211,AMERICANWIREL001,AMERICAN WIRELESS INC,5959,103
201211,AP2149544402,THE FIRST TEE OF GREATER,655,20
201211,AP2628627294,WISCONSIN JUNIORS VOLLEYB,8437,197
201211,AP3109013604,USA TEAM HANDBALL,7215,101
201211,AP4052096602,OKLAHOMA PREMIER VOLLEYBA,205.5,1
201211,AP4199373808,BLACKSWAMP VBC,2520,125
201211,AP6107774134,JSTROKE VOLLEYBALL CLUB,410.04,6
201211,AP7039308498,NORTHERN VIRGINIA VOLLEYB,190934.93,477
201211,AP7657598790,MUNCIANA VOLLEYBALL,74500,269
201211,AP7742330162,BAY PATH FIGURE SKATING C,1504.5,19
201211,AP8013224411,BOYS  GIRLS CLUBS OF GREA,12240,201
201211,AP8087411276,KA ULUKOA,81740.5,85
201211,AP9725334412,TOWN CENTER ELEMENTARY PA,50,2
201211,AVALONWATERWA001,AVALON WATERWAYS,2009896.72,1569
201211,BCPSSD-SEWER0001,BCPSSD-SEWER,63741.8,710
201211,BCPSSDBCPSWD0001,BCPSSDBCPSWD,598797.61,6975
201211,BECTV00000000001,BEC-TV,125,3
201211,BITLANCERLLC0001,BITLANCER LLC,10,1
201211,BRMMARKETINGA001,BRM MARKETING  ASSOCIATES INC,1337.88,52
201211,CHOICECOMMUNI002,CHOICE COMMUNICATIONS LLC,333241.67,5714
201211,CITYOFBENSONA001,CITY OF BENSON-AIRPORT,955.6,7
201211,COMNETWIRELES001,CHOICE WIRELESS,109360.48,1576
201211,CONTINENTALAI001,UNITED,5258,5
201211,COSMOSNORTHAM001,COSMOS NORTH AMERICAN OPTIONALS,49866.5,178
201211,COSMOSTOURS00001,COSMOS TOURS,1380898.05,1099
201211,CYCLEPARTSCOM001,CYCLE PARTS.COM,48342.75,207
201211,CYCLIVATE0000001,CYCLIVATE,301,13
201211,DELTAVACATION001,DELTA VACATIONS,91230.9,39
201211,DESMOINESPUBL003,COMMED DMSCHOOLS,2007,45
201211,EMERALDCOVEMA001,EMERALD COVE MARINA,4450.98,16
201211,ESIOBEVERAGEC001,ESIO BEVERAGE COMPANY LLC,4718.26,2
201211,FCDYOUTHLLC00001,FCD YOUTH LLC,131719.85,555
201211,FREEDOMWIFI00001,FREEDOM WIFI,190.35,13
201211,GLOBUSFAMILYP002,GLOBUS FAMILY PURCHASE,6293.82,9
201211,GLOBUSNORTHAM001,GLOBUS NORTH AMERICAN OPTIONALS,11721,33
201211,GLOBUSTOURS00001,GLOBUS TOURS,6742129.32,3610
201211,GOODNEWSGARDE002,GOOD NEWS GARDENING CAFE,13860.54,891
201211,GREATERLVASSO001,GREATER LV ASSOC OF REALTORS,533069.29,1757
201211,INFORMATICSHO001,INFORMATICS HOLDINGS INC,4598.3,17
201211,INNOVATIVEOUT001,INNOVATIVE OUTSOURCING INC,595,1
201211,KISHVETERINAR001,KISH VETERINARY SERVICES,153.26,4
201211,MERCYCOLLEGEA001,MERCY COLLEGE AT NW OF OHIO-DEGREED,44556.56,97
201211,MIXANDMINGLEG001,MIX AND MINGLE GREEK BISTRO,642.61,26
201211,MONOGRAMS0000001,MONOGRAMS,1299259.34,564
201211,MONOGRAMSPREP001,GLOBUS FAMILY PPO,19442,66
201211,NETHERE200000001,NETHERE 2,18464.4,19
201211,NORMANDYFARMS003,NORMANDY FARMS CAMPGROUND,6186.56,173
201211,NORTHAMERICAO002,NORTH AMERICA OPTIONALS,46334,112
201211,ORGONITE00000001,ORGONITE,1025.29,24
201211,OWATONNACOMME001,OWATONNA COMM. EDUC.,9228.57,153
201211,PERFORMANCEDI001,PERFORMANCE DIAGNOSTIC,6937.29,15
201211,PIONEERLINENS001,PIONEER LINENS,143992.78,346
201211,PIONEERLINENS002,PIONEER LINENS - FLOOR SALES,349951.11,628
201211,PIONEERLINENS003,PIONEER LINENS - YACHT SALES,26370.18,20
201211,PROKNEE000000002,PROKNEE,63464.06,256
201211,QUEENLANDINC0001,CAMP A WAY,1061.64,4
201211,REDOAKCOURT00001,RED OAK CITY COURT,11868.15,56
201211,ROOTAUTOMATIO001,ROOT AUTOMATION,1588.26,21
201211,SMARTBID00000001,SMARTBID,16413.19,712
201211,STASNYSFOODMA001,STASNYS FOOD MARKET,3380.49,22
201211,STCLOUDCITYWE001,ST CLOUD UTILITY,4867,190
201211,STILLWATERPAR001,STILLWATER PARK RAMP,46,12
201211,STILLWATERPAR002,STILLWATER PARK RAMP,222,68
201211,SURFSETFITNES001,SURFSET FITNESS INC,50363.6,89
201211,THEACTIVENETW001,THE ACTIVE NETWORK INC,214152,353
201211,THEEONISTORE0001,EONI INTERNET,45203.93,1053
201211,VERI-TAXCOM00001,VERI TAX LLC,111523,320
201211,VERIFICATIONB001,VERIFICATION BUREAU,12545.72,44
201211,WAXYOCONNORSI001,WAXY OCONNORS IRISH PUB  RESTAURANT,66578.42,1579
201211,WEBSBIGGESTCO001,WEBSBIGGEST.COM,7340,221
201211,WORKOUTTRAINI001,WORKOUT TRAINER,11246.16,1398
201211,YMCA-DAL-METRO,YMCA DALLAS - METRO,719.8,14
201211,YMCA-PHIL-ABINGT,YMCA PHILADELPHIA- ABINGTON,164412.57,2123
201211,YMCA-PHIL-AMBLER,YMCA PHILADELPHIA- AMBLER,421631.92,4607
201211,YMCA-PHIL-CHRIST,YMCA PHILADELPHIA- CHRISTIAN ST,70425.97,1558
201211,YMCA-PHIL-COLUMB,YMCA PHILADELPHIA- COLUMBIA N BRANCH,19538.7,515
201211,YMCA-PHIL-HATBOR,YMCA PHILADELPHIA- HATBORO,75475.66,1122
201211,YMCA-PHIL-NORTHE,YMCA PHILADELPHIA- NORTHEAST,74085.89,1079
201211,YMCA-PHIL-ONLINE,YMCA PHILADELPHIA-ONLINE,59710.29,340
201211,YMCA-PHIL-ROCKY,YMCA PHILADELPHIA- ROCKY RUN,344029.91,4207
201211,YMCA-PHIL-ROXBOR,YMCA PHILADELPHIA- ROXBOROUGH,72542.82,979
201211,YMCA-PHIL-UPPERM,YMCA PHILADELPHIA MAIN LINE,65317.21,788
201211,YMCA-PHIL-VICIN,YMCA PHILADELPHIA AND VICINITY,32097.5,15
201211,YMCA-PHIL-WEST,YMCA PHILADELPHIA- WEST,44536.75,1263
201211,YMCABOSTONONL001,YMCA BOSTON ONLINE DONATIONS,1845,16
201211,YMCAFDMSNASHV001,YMCA FDMS NASHVILLE,2170,28
201211,YMCAOFGREATER003,YMCA OF GREATER PITTSBURGH- METRO,29257.77,413
201211,YMCAOFGREATER023,YMCA OF GREATER PITTSBURGH-CREDIT CARD,113352.51,1480
201211,YMCAOFMETROPO001,YMCA DALLAS TURKEY TROT,726934.05,11844
201211,YMCAOFMETROPO002,YMCA DALLAS TURKEY TROT,7046,31
201211,YMCAOFMETROPO003,YMC DALLAS REGIONAL TRAINING,1,1
201211,YMCAOFTHEGREA001,YMCA OF THE GREATER TWIN CITIES-WEB,412,9
201211,YMCASILICONVA001,YMCA SILICON VALLEY INTERNET BRANCH,9070,34
201211,ZENCASH000000001,ZENCASH,1629.68,107
201212,ADTRIADLLC000001,SHOPMYCITY.COM,3493.84,129
201212,ALLPLAYERSCOM001,ALLPLAYERS.COM,181698.11,1024
201212,AMERICANWIREL001,AMERICAN WIRELESS INC,6487.07,97
201212,AP2149544402,THE FIRST TEE OF GREATER,2270,42
201212,AP2628627294,WISCONSIN JUNIORS VOLLEYB,6529,56
201212,AP3109013604,USA TEAM HANDBALL,490,8
201212,AP6107774134,JSTROKE VOLLEYBALL CLUB,.36,36
201212,AP7039308498,NORTHERN VIRGINIA VOLLEYB,132134.75,246
201212,AP7657598790,MUNCIANA VOLLEYBALL,59600,146
201212,AP8087411276,KA ULUKOA,33918.1,49
201212,AP9725334412,TOWN CENTER ELEMENTARY PA,50,1
201212,AVALONWATERWA001,AVALON WATERWAYS,2464331.34,1372
201212,BCPSSD-SEWER0001,BCPSSD-SEWER,49256.73,599
201212,BCPSSDBCPSWD0001,BCPSSDBCPSWD,530701.89,6409
201212,BITLANCERLLC0001,BITLANCER LLC,460,2
201212,BRMMARKETINGA001,BRM MARKETING  ASSOCIATES INC,1135.06,38
201212,CHOICECOMMUNI002,CHOICE COMMUNICATIONS LLC,337266.25,5800
201212,COMNETWIRELES001,CHOICE WIRELESS,117625.68,1714
201212,CONTINENTALAI001,UNITED,29064,14
201212,COSMOSNORTHAM001,COSMOS NORTH AMERICAN OPTIONALS,12662,23
201212,COSMOSTOURS00001,COSMOS TOURS,1142473.06,1025
201212,CYCLEPARTSCOM001,CYCLE PARTS.COM,68389.35,208
201212,CYCLIVATE0000001,CYCLIVATE,1030,31
201212,DELTAVACATION001,DELTA VACATIONS,68001,24
201212,EMERALDCOVEMA001,EMERALD COVE MARINA,1047.98,5
201212,ESIOBEVERAGEC001,ESIO BEVERAGE COMPANY LLC,87.92,1
201212,FCDYOUTHLLC00001,FCD YOUTH LLC,113241.24,504
201212,FREEDOMWIFI00001,FREEDOM WIFI,611.3,20
201212,GLOBUSFAMILYP002,GLOBUS FAMILY PURCHASE,5658,13
201212,GLOBUSNORTHAM001,GLOBUS NORTH AMERICAN OPTIONALS,41008,77
201212,GLOBUSTOURS00001,GLOBUS TOURS,7786490.37,3300
201212,GOODNEWSGARDE002,GOOD NEWS GARDENING CAFE,14454.79,863
201212,GREATERLVASSO001,GREATER LV ASSOC OF REALTORS,1528785.37,3659
201212,INFORMATICSHO001,INFORMATICS HOLDINGS INC,12891.82,32
201212,INNOVATIVEOUT001,INNOVATIVE OUTSOURCING INC,595,1
201212,KISHVETERINAR001,KISH VETERINARY SERVICES,532.14,9
201212,LGMOTORSPORTS001,L G MOTORSPORTS INC,1651.66,4
201212,MERCYCOLLEGEA001,MERCY COLLEGE AT NW OF OHIO-DEGREED,29971.84,95
201212,MIXANDMINGLEG001,MIX AND MINGLE GREEK BISTRO,1465.66,31
201212,MONOGRAMS0000001,MONOGRAMS,1151261.43,561
201212,MONOGRAMSPREP001,GLOBUS FAMILY PPO,15522,37
201212,NETHERE200000001,NETHERE 2,27735.93,28
201212,NORMANDYFARMS003,NORMANDY FARMS CAMPGROUND,5627.28,42
201212,NORTHAMERICAO002,NORTH AMERICA OPTIONALS,25158,59
201212,ORGONITE00000001,ORGONITE,719.01,12
201212,PERFORMANCEDI001,PERFORMANCE DIAGNOSTIC,5626.44,15
201212,PIONEERLINENS001,PIONEER LINENS,154262.62,348
201212,PIONEERLINENS002,PIONEER LINENS - FLOOR SALES,373289.61,684
201212,PIONEERLINENS003,PIONEER LINENS - YACHT SALES,37316.22,22
201212,PROKNEE000000002,PROKNEE,76964.88,285
201212,QUEENLANDINC0001,CAMP A WAY,2493.49,7
201212,ROOTAUTOMATIO001,ROOT AUTOMATION,1293.32,18
201212,SCHOLARSHOTIN001,SCHOLARSHOT INC,2550,8
201212,SMARTBID00000001,SMARTBID,36837.2,866
201212,STASNYSFOODMA001,STASNYS FOOD MARKET,4047.64,26
201212,SURFSETFITNES001,SURFSET FITNESS INC,36755.8,56
201212,THEACTIVENETW001,THE ACTIVE NETWORK INC,104660,172
201212,THEEONISTORE0001,EONI INTERNET,42646.96,1049
201212,VERI-TAXCOM00001,VERI TAX LLC,66022,337
201212,VERIFICATIONB001,VERIFICATION BUREAU,11404.75,35
201212,WAXYOCONNORSI001,WAXY OCONNORS IRISH PUB  RESTAURANT,68179.24,1501
201212,WEBSBIGGESTCO001,WEBSBIGGEST.COM,6644,159
201212,WORKOUTTRAINI001,WORKOUT TRAINER,9120.77,1141
201212,YMCA-PHIL-ABINGT,YMCA PHILADELPHIA- ABINGTON,155449.6,1967
201212,YMCA-PHIL-AMBLER,YMCA PHILADELPHIA- AMBLER,472033.81,5148
201212,YMCA-PHIL-CHRIST,YMCA PHILADELPHIA- CHRISTIAN ST,74348.02,1612
201212,YMCA-PHIL-COLUMB,YMCA PHILADELPHIA- COLUMBIA N BRANCH,18704.75,448
201212,YMCA-PHIL-HATBOR,YMCA PHILADELPHIA- HATBORO,91656.24,1359
201212,YMCA-PHIL-NORTHE,YMCA PHILADELPHIA- NORTHEAST,67866.49,1063
201212,YMCA-PHIL-ONLINE,YMCA PHILADELPHIA-ONLINE,128794.97,1072
201212,YMCA-PHIL-ROCKY,YMCA PHILADELPHIA- ROCKY RUN,349585.93,4498
201212,YMCA-PHIL-ROXBOR,YMCA PHILADELPHIA- ROXBOROUGH,67135.96,923
201212,YMCA-PHIL-UPPERM,YMCA PHILADELPHIA MAIN LINE,81939.91,883
201212,YMCA-PHIL-VICIN,YMCA PHILADELPHIA AND VICINITY,32788.3,8
201212,YMCA-PHIL-WEST,YMCA PHILADELPHIA- WEST,46052.14,1247
201212,YMCABOSTONONL001,YMCA BOSTON ONLINE DONATIONS,24361,77
201212,YMCAFDMSNASHV001,YMCA FDMS NASHVILLE,855,13
201212,YMCAOFGREATER023,YMCA OF GREATER PITTSBURGH-CREDIT CARD,888244.71,11631
201212,YMCAOFTHEGREA001,YMCA OF THE GREATER TWIN CITIES-WEB,1502,20
201212,YMCASILICONVA001,YMCA SILICON VALLEY INTERNET BRANCH,18603.75,70
201212,ZENCASH000000001,ZENCASH,1116.3,131
201301,ADTRIADLLC000001,SHOPMYCITY.COM,7258.34,243
201301,ALLPLAYERSCOM001,ALLPLAYERS.COM,255455.98,1405
201301,AMERICANWIREL001,AMERICAN WIRELESS INC,7875.9,113
201301,AP2149544402,THE FIRST TEE OF GREATER,714,15
201301,AP2628627294,WISCONSIN JUNIORS VOLLEYB,6082,48
201301,AP6107774134,JSTROKE VOLLEYBALL CLUB,.02,2
201301,AP7039308498,NORTHERN VIRGINIA VOLLEYB,192644.99,454
201301,AP7657598790,MUNCIANA VOLLEYBALL,1375,4
201301,AP8087411276,KA ULUKOA,57072.2,104
201301,AVALONWATERWA001,AVALON WATERWAYS,10874375.22,3500
201301,BCPSSD-SEWER0001,BCPSSD-SEWER,66546.01,818
201301,BCPSSDBCPSWD0001,BCPSSDBCPSWD,610752.07,7286
201301,BITLANCERLLC0001,BITLANCER LLC,1295,4
201301,BRMMARKETINGA001,BRM MARKETING  ASSOCIATES INC,776.62,26
201301,CHOICECOMMUNI002,CHOICE COMMUNICATIONS LLC,372090.7,6037
201301,COMNETWIRELES001,CHOICE WIRELESS,123079.43,1840
201301,CONTINENTALAI001,UNITED,28113,16
201301,COSMOSNORTHAM001,COSMOS NORTH AMERICAN OPTIONALS,29982,57
201301,COSMOSTOURS00001,COSMOS TOURS,3396531.79,2658
201301,CYCLEPARTSCOM001,CYCLE PARTS.COM,126962.61,263
201301,CYCLIVATE0000001,CYCLIVATE,330,24
201301,DELTAVACATION001,DELTA VACATIONS,74194,43
201301,EMERALDCOVEMA001,EMERALD COVE MARINA,110,4
201301,ESIOBEVERAGEC001,ESIO BEVERAGE COMPANY LLC,100.1,2
201301,FCDYOUTHLLC00001,FCD YOUTH LLC,303163.81,1091
201301,FREEDOMWIFI00001,FREEDOM WIFI,1471.8,47
201301,GLOBUSFAMILYP002,GLOBUS FAMILY PURCHASE,2865,4
201301,GLOBUSNORTHAM001,GLOBUS NORTH AMERICAN OPTIONALS,55870,94
201301,GLOBUSTOURS00001,GLOBUS TOURS,12716978.03,6789
201301,GOODNEWSGARDE002,GOOD NEWS GARDENING CAFE,10930.89,766
201301,GREATERLVASSO001,GREATER LV ASSOC OF REALTORS,3439842.63,7045
201301,INFORMATICSHO001,INFORMATICS HOLDINGS INC,9117.49,37
201301,INNOVATIVEOUT001,INNOVATIVE OUTSOURCING INC,595,1
201301,KISHVETERINAR001,KISH VETERINARY SERVICES,532.53,8
201301,LGMOTORSPORTS001,L G MOTORSPORTS INC,4213.35,10
201301,MERCYCOLLEGEA001,MERCY COLLEGE AT NW OF OHIO-DEGREED,172325.69,161
201301,MIXANDMINGLEG001,MIX AND MINGLE GREEK BISTRO,798.88,31
201301,MONOGRAMS0000001,MONOGRAMS,2200480.11,1233
201301,MONOGRAMSPREP001,GLOBUS FAMILY PPO,115354,272
201301,NETHERE200000001,NETHERE 2,22818.58,27
201301,NORMANDYFARMS003,NORMANDY FARMS CAMPGROUND,230.84,3
201301,NORTHAMERICAO002,NORTH AMERICA OPTIONALS,6125,11
201301,ORGONITE00000001,ORGONITE,739.12,23
201301,PERFORMANCEDI001,PERFORMANCE DIAGNOSTIC,8536.14,21
201301,PIONEERLINENS001,PIONEER LINENS,188386.6,430
201301,PIONEERLINENS002,PIONEER LINENS - FLOOR SALES,522585.99,982
201301,PIONEERLINENS003,PIONEER LINENS - YACHT SALES,33332.26,34
201301,PROKNEE000000002,PROKNEE,83533.36,280
201301,QUEENLANDINC0001,CAMP A WAY,1366.71,5
201301,RENOBALLOONRA001,RENO BALLOON RACE,160,4
201301,ROOTAUTOMATIO001,ROOT AUTOMATION,2090.25,30
201301,SMARTBID00000001,SMARTBID,49487.57,1198
201301,STASNYSFOODMA001,STASNYS FOOD MARKET,2524.82,12
201301,SURFSETFITNES001,SURFSET FITNESS INC,63321.08,110
201301,THEEONISTORE0001,EONI INTERNET,45809.56,1099
201301,TOTALHIGHSPEE001,TOTAL HIGHSPEED LLC,150,3
201301,VERI-TAXCOM00001,VERI TAX LLC,78628.5,329
201301,VERIFICATIONB001,VERIFICATION BUREAU,7518.45,38
201301,WAXYOCONNORSI001,WAXY OCONNORS IRISH PUB  RESTAURANT,51843.63,1334
201301,WEBSBIGGESTCO001,WEBSBIGGEST.COM,7493,171
201301,WORKOUTTRAINI001,WORKOUT TRAINER,8162.78,1020
201301,YMCA-PHIL-ABINGT,YMCA PHILADELPHIA- ABINGTON,167354.33,2029
201301,YMCA-PHIL-AMBLER,YMCA PHILADELPHIA- AMBLER,470646.01,4980
201301,YMCA-PHIL-CHRIST,YMCA PHILADELPHIA- CHRISTIAN ST,82119.02,1689
201301,YMCA-PHIL-COLUMB,YMCA PHILADELPHIA- COLUMBIA N BRANCH,22213.65,549
201301,YMCA-PHIL-HATBOR,YMCA PHILADELPHIA- HATBORO,83044.34,1235
201301,YMCA-PHIL-NORTHE,YMCA PHILADELPHIA- NORTHEAST,78807.83,1163
201301,YMCA-PHIL-ONLINE,YMCA PHILADELPHIA-ONLINE,94694.81,752
201301,YMCA-PHIL-ROCKY,YMCA PHILADELPHIA- ROCKY RUN,380229.23,4728
201301,YMCA-PHIL-ROXBOR,YMCA PHILADELPHIA- ROXBOROUGH,78626.84,1094
201301,YMCA-PHIL-UPPERM,YMCA PHILADELPHIA MAIN LINE,72869.89,868
201301,YMCA-PHIL-VICIN,YMCA PHILADELPHIA AND VICINITY,18500,4
201301,YMCA-PHIL-WEST,YMCA PHILADELPHIA- WEST,55694.53,1416
201301,YMCABOSTONONL001,YMCA BOSTON ONLINE DONATIONS,4883,26
201301,YMCADETROITCA001,YMCA DETROIT CAMP - CHARITY,2179.14,10
201301,YMCAFDMSNASHV001,YMCA FDMS NASHVILLE,6300,67
201301,YMCAOFGREATER023,YMCA OF GREATER PITTSBURGH-CREDIT CARD,1078762.14,13833
201301,YMCAOFMETROPO002,YMCA DALLAS TURKEY TROT,1,1
201301,YMCAOFMETROPO003,YMC DALLAS REGIONAL TRAINING,1,1
201301,YMCAOFTHEGREA001,YMCA OF THE GREATER TWIN CITIES-WEB,31841,493
201301,YMCASILICONVA001,YMCA SILICON VALLEY INTERNET BRANCH,31096.63,98
201301,ZENCASH000000001,ZENCASH,1787.8,133
201302,ADTRIADLLC000001,SHOPMYCITY.COM,15107,364
201302,ALLPLAYERSCOM001,ALLPLAYERS.COM,240692.46,1615
201302,AMERICANWIREL001,AMERICAN WIRELESS INC,7675.85,121
201302,AP2149544402,THE FIRST TEE OF GREATER,3360,75
201302,AP2628627294,WISCONSIN JUNIORS VOLLEYB,17315,100
201302,AP6107774134,JSTROKE VOLLEYBALL CLUB,.15,15
201302,AP7039308498,NORTHERN VIRGINIA VOLLEYB,157898.95,436
201302,AP7657598790,MUNCIANA VOLLEYBALL,39650,119
201302,AP8087411276,KA ULUKOA,19039.1,37
201302,AP9725334412,TOWN CENTER ELEMENTARY PA,510,20
201302,AVALONWATERWA001,AVALON WATERWAYS,12678585.63,3557
201302,BCPSSD-SEWER0001,BCPSSD-SEWER,49725.66,544
201302,BCPSSDBCPSWD0001,BCPSSDBCPSWD,651993.55,7373
201302,BITLANCERLLC0001,BITLANCER LLC,135,3
201302,BRMMARKETINGA001,BRM MARKETING  ASSOCIATES INC,806.49,27
201302,CHOICECOMMUNI002,CHOICE COMMUNICATIONS LLC,352971.65,5820
201302,COMNETWIRELES001,CHOICE WIRELESS,140829.74,2193
201302,CONTINENTALAI001,UNITED,50135,22
201302,COSMOSNORTHAM001,COSMOS NORTH AMERICAN OPTIONALS,43349.55,94
201302,COSMOSTOURS00001,COSMOS TOURS,4945673.67,3294
201302,CYCLEPARTSCOM001,CYCLE PARTS.COM,84066.87,221
201302,CYCLIVATE0000001,CYCLIVATE,110,11
201302,DELTAVACATION001,DELTA VACATIONS,175093,64
201302,ESIOBEVERAGEC001,ESIO BEVERAGE COMPANY LLC,3702.18,2
201302,FCDYOUTHLLC00001,FCD YOUTH LLC,182387.6,846
201302,FREEDOMWIFI00001,FREEDOM WIFI,910.2,34
201302,GLOBUSFAMILYP002,GLOBUS FAMILY PURCHASE,544,11
201302,GLOBUSNORTHAM001,GLOBUS NORTH AMERICAN OPTIONALS,64433,149
201302,GLOBUSTOURS00001,GLOBUS TOURS,14667517.88,7425
201302,GOODNEWSGARDE002,GOOD NEWS GARDENING CAFE,12356.74,851
201302,GREATERLVASSO001,GREATER LV ASSOC OF REALTORS,247779.11,1170
201302,INFORMATICSHO001,INFORMATICS HOLDINGS INC,8905.39,20
201302,INNOVATIVEOUT001,INNOVATIVE OUTSOURCING INC,595,1
201302,KISHVETERINAR001,KISH VETERINARY SERVICES,224.08,4
201302,LGMOTORSPORTS001,L G MOTORSPORTS INC,8243.92,10
201302,MERCYCOLLEGEA001,MERCY COLLEGE AT NW OF OHIO-DEGREED,229683.47,186
201302,MIXANDMINGLEG001,MIX AND MINGLE GREEK BISTRO,3216.45,63
201302,MONOGRAMS0000001,MONOGRAMS,2448445.49,1280
201302,MONOGRAMSPREP001,GLOBUS FAMILY PPO,219348,561
201302,NETHERE200000001,NETHERE 2,24226.54,24
201302,NORMANDYFARMS003,NORMANDY FARMS CAMPGROUND,219,4
201302,ORGONITE00000001,ORGONITE,532.6,15
201302,PERFORMANCEDI001,PERFORMANCE DIAGNOSTIC,3779.95,11
201302,PIONEERLINENS001,PIONEER LINENS,71983.88,231
201302,PIONEERLINENS002,PIONEER LINENS - FLOOR SALES,304719.61,646
201302,PIONEERLINENS003,PIONEER LINENS - YACHT SALES,23221.77,25
201302,PROKNEE000000002,PROKNEE,81983.76,331
201302,QUEENLANDINC0001,CAMP A WAY,1655.49,4
201302,REALTYSTORECO001,REALTYSTORE.COM,128369.59,5400
201302,RENOBALLOONRA001,RENO BALLOON RACE,1850,37
201302,ROOTAUTOMATIO001,ROOT AUTOMATION,1243.36,16
201302,SMARTBID00000001,SMARTBID,21616.1,618
201302,STASNYSFOODMA001,STASNYS FOOD MARKET,1512.03,9
201302,SURFSETFITNES001,SURFSET FITNESS INC,56676.92,77
201302,THEACTIVENETW001,THE ACTIVE NETWORK INC,1550,2
201302,THEEONISTORE0001,EONI INTERNET,40367.58,976
201302,TOTALHIGHSPEE001,TOTAL HIGHSPEED LLC,350,7
201302,VERI-TAXCOM00001,VERI TAX LLC,142103.25,267
201302,VERIFICATIONB001,VERIFICATION BUREAU,3598.95,28
201302,WEBSBIGGESTCO001,WEBSBIGGEST.COM,6382,193
201302,WORKOUTTRAINI001,WORKOUT TRAINER,8012.31,992
201302,YMCA-PHIL-ABINGT,YMCA PHILADELPHIA- ABINGTON,196100.6,2354
201302,YMCA-PHIL-AMBLER,YMCA PHILADELPHIA- AMBLER,535349.78,5756
201302,YMCA-PHIL-CHRIST,YMCA PHILADELPHIA- CHRISTIAN ST,95237.04,1900
201302,YMCA-PHIL-COLUMB,YMCA PHILADELPHIA- COLUMBIA N BRANCH,24088.06,603
201302,YMCA-PHIL-HATBOR,YMCA PHILADELPHIA- HATBORO,128084.41,1633
201302,YMCA-PHIL-NORTHE,YMCA PHILADELPHIA- NORTHEAST,87044.68,1300
201302,YMCA-PHIL-ONLINE,YMCA PHILADELPHIA-ONLINE,178726.62,1553
201302,YMCA-PHIL-ROCKY,YMCA PHILADELPHIA- ROCKY RUN,412246.67,5197
201302,YMCA-PHIL-ROXBOR,YMCA PHILADELPHIA- ROXBOROUGH,82059.99,1145
201302,YMCA-PHIL-UPPERM,YMCA PHILADELPHIA MAIN LINE,95191.12,1061
201302,YMCA-PHIL-VICIN,YMCA PHILADELPHIA AND VICINITY,9100,5
201302,YMCA-PHIL-WEST,YMCA PHILADELPHIA- WEST,61457.67,1524
201302,YMCABOSTONONL001,YMCA BOSTON ONLINE DONATIONS,4431,37
201302,YMCADETROITCA001,YMCA DETROIT CAMP - CHARITY,11761.24,46
201302,YMCAFDMSNASHV001,YMCA FDMS NASHVILLE,13700,124
201302,YMCAOFGREATER023,YMCA OF GREATER PITTSBURGH-CREDIT CARD,1051540.06,13640
201302,YMCAOFMETROPO003,YMC DALLAS REGIONAL TRAINING,1865,15
201302,YMCAOFTHEGREA001,YMCA OF THE GREATER TWIN CITIES-WEB,4350,85
201302,YMCASILICONVA001,YMCA SILICON VALLEY INTERNET BRANCH,20795.33,168
201302,ZENCASH000000001,ZENCASH,4690.75,124
201303,ADTRIADLLC000001,SHOPMYCITY.COM,21345.59,578
201303,ALLPLAYERSCOM001,ALLPLAYERS.COM,147386.05,834
201303,AMERICANWIREL001,AMERICAN WIRELESS INC,8268.26,136
201303,AP2149544402,THE FIRST TEE OF GREATER,336,8
201303,AP2628627294,WISCONSIN JUNIORS VOLLEYB,7239,50
201303,AP6107774134,JSTROKE VOLLEYBALL CLUB,200.1,11
201303,AP7039308498,NORTHERN VIRGINIA VOLLEYB,180835.28,493
201303,AP7657598790,MUNCIANA VOLLEYBALL,39910,136
201303,AP8013224411,BOYS  GIRLS CLUBS OF GREA,800,16
201303,AP8087411276,KA ULUKOA,9966.72,22
201303,AP9725334412,TOWN CENTER ELEMENTARY PA,745,16
201303,BCPSSD-SEWER0001,BCPSSD-SEWER,35815.63,417
201303,BCPSSDBCPSWD0001,BCPSSDBCPSWD,636965.23,7601
201303,BITLANCERLLC0001,BITLANCER LLC,4635,7
201303,BRMMARKETINGA001,BRM MARKETING  ASSOCIATES INC,746.75,25
201303,CHOICECOMMUNI002,CHOICE COMMUNICATIONS LLC,384416.86,6326
201303,COMNETWIRELES001,CHOICE WIRELESS,148917.9,2416
201303,CYCLEPARTSCOM001,CYCLE PARTS.COM,74125.28,229
201303,CYCLIVATE0000001,CYCLIVATE,60,6
201303,FCDYOUTHLLC00001,FCD YOUTH LLC,110610.8,666
201303,FREEDOMWIFI00001,FREEDOM WIFI,787.95,24
201303,GOODNEWSGARDE002,GOOD NEWS GARDENING CAFE,18254.14,1197
201303,GREATERLVASSO001,GREATER LV ASSOC OF REALTORS,1146937.61,4654
201303,INFORMATICSHO001,INFORMATICS HOLDINGS INC,12518.87,35
201303,INNOVATIVEOUT001,INNOVATIVE OUTSOURCING INC,595,1
201303,KISHVETERINAR001,KISH VETERINARY SERVICES,337.18,7
201303,LGMOTORSPORTS001,L G MOTORSPORTS INC,16087.92,18
201303,MERCYCOLLEGEA001,MERCY COLLEGE AT NW OF OHIO-DEGREED,100754.27,149
201303,MIXANDMINGLEG001,MIX AND MINGLE GREEK BISTRO,2877.28,73
201303,MONOGRAMS0000001,MONOGRAMS,1200,2
201303,NETHERE200000001,NETHERE 2,22639.58,27
201303,NORMANDYFARMS003,NORMANDY FARMS CAMPGROUND,1262,11
201303,ORGONITE00000001,ORGONITE,476.16,17
201303,PERFORMANCEDI001,PERFORMANCE DIAGNOSTIC,2175.41,16
201303,PIONEERLINENS001,PIONEER LINENS,71656.49,202
201303,PIONEERLINENS002,PIONEER LINENS - FLOOR SALES,343755.2,719
201303,PIONEERLINENS003,PIONEER LINENS - YACHT SALES,34363.71,31
201303,PROKNEE000000002,PROKNEE,90624.06,361
201303,QUEENLANDINC0001,CAMP A WAY,4114.57,12
201303,REALTYSTORECO001,REALTYSTORE.COM,196012.41,7584
201303,RENOBALLOONRA001,RENO BALLOON RACE,4685,32
201303,ROOTAUTOMATIO001,ROOT AUTOMATION,2295.5,21
201303,SMARTBID00000001,SMARTBID,10063.55,456
201303,STASNYSFOODMA001,STASNYS FOOD MARKET,1549.83,8
201303,SURFSETFITNES001,SURFSET FITNESS INC,99822.78,136
201303,THEEONISTORE0001,EONI INTERNET,47772.65,1165
201303,TOTALHIGHSPEE001,TOTAL HIGHSPEED LLC,20,1
201303,VERI-TAXCOM00001,VERI TAX LLC,86593.5,289
201303,VERIFICATIONB001,VERIFICATION BUREAU,7174.5,28
201303,WEBSBIGGESTCO001,WEBSBIGGEST.COM,5944,161
201303,WILDALCHEMY00001,WILD ALCHEMY,198,2
201303,WORKOUTTRAINI001,WORKOUT TRAINER,7299.32,897
201303,YMCA-PHIL-ABINGT,YMCA PHILADELPHIA- ABINGTON,190890.47,2248
201303,YMCA-PHIL-AMBLER,YMCA PHILADELPHIA- AMBLER,508195.1,5443
201303,YMCA-PHIL-CHRIST,YMCA PHILADELPHIA- CHRISTIAN ST,89825.94,1811
201303,YMCA-PHIL-COLUMB,YMCA PHILADELPHIA- COLUMBIA N BRANCH,27659.48,639
201303,YMCA-PHIL-HATBOR,YMCA PHILADELPHIA- HATBORO,104929.13,1428
201303,YMCA-PHIL-NORTHE,YMCA PHILADELPHIA- NORTHEAST,87039.62,1263
201303,YMCA-PHIL-ONLINE,YMCA PHILADELPHIA-ONLINE,135446.46,1133
201303,YMCA-PHIL-ROCKY,YMCA PHILADELPHIA- ROCKY RUN,423541.05,5029
201303,YMCA-PHIL-ROXBOR,YMCA PHILADELPHIA- ROXBOROUGH,82533.31,1119
201303,YMCA-PHIL-UPPERM,YMCA PHILADELPHIA MAIN LINE,77900.48,915
201303,YMCA-PHIL-VICIN,YMCA PHILADELPHIA AND VICINITY,2600,4
201303,YMCA-PHIL-WEST,YMCA PHILADELPHIA- WEST,61093.13,1559
201303,YMCABOSTONONL001,YMCA BOSTON ONLINE DONATIONS,4969,60
201303,YMCADETROITCA001,YMCA DETROIT CAMP - CHARITY,28302.71,118
201303,YMCAFDMSNASHV001,YMCA FDMS NASHVILLE,2770,42
201303,YMCANORTHWEST001,YMCA NORTHWEST LA  DONATIONS,1000,1
201303,YMCAOFGREATER023,YMCA OF GREATER PITTSBURGH-CREDIT CARD,1186308.91,14066
201303,YMCAOFMETROPO002,YMCA DALLAS TURKEY TROT,120,2
201303,YMCAOFMETROPO003,YMC DALLAS REGIONAL TRAINING,990,7
201303,YMCAOFTHEGREA001,YMCA OF THE GREATER TWIN CITIES-WEB,9547,98
201303,YMCASILICONVA001,YMCA SILICON VALLEY INTERNET BRANCH,47026.33,333
201303,ZENCASH000000001,ZENCASH,2973.7,159
201304,ADTRIADLLC000001,SHOPMYCITY.COM,5058,312
201304,ALLPLAYERSCOM001,ALLPLAYERS.COM,31609.75,232
201304,AMERICANWIREL001,AMERICAN WIRELESS INC,6238.01,99
201304,AP2149544402,THE FIRST TEE OF GREATER,3864,82
201304,AP2628627294,WISCONSIN JUNIORS VOLLEYB,7133,50
201304,AP6107774134,JSTROKE VOLLEYBALL CLUB,1170.12,16
201304,AP7039308498,NORTHERN VIRGINIA VOLLEYB,129079.49,367
201304,AP7657598790,MUNCIANA VOLLEYBALL,15380,89
201304,AP8013224411,BOYS  GIRLS CLUBS OF GREA,985,19
201304,AP8087411276,KA ULUKOA,6220,14
201304,AP9725334412,TOWN CENTER ELEMENTARY PA,4955,118
201304,BCPSSD-SEWER0001,BCPSSD-SEWER,635.49,7
201304,BCPSSDBCPSWD0001,BCPSSDBCPSWD,197067.79,2708
201304,BITLANCERLLC0001,BITLANCER LLC,135,3
201304,BRMMARKETINGA001,BRM MARKETING  ASSOCIATES INC,597.4,20
201304,CHOICECOMMUNI002,CHOICE COMMUNICATIONS LLC,262512.56,4417
201304,COMNETWIRELES001,CHOICE WIRELESS,107011.49,1790
201304,CYCLEPARTSCOM001,CYCLE PARTS.COM,28951.14,154
201304,FCDYOUTHLLC00001,FCD YOUTH LLC,101553.15,742
201304,FREEDOMWIFI00001,FREEDOM WIFI,239.45,7
201304,GOODNEWSGARDE002,GOOD NEWS GARDENING CAFE,12842.53,866
201304,GREATERLVASSO001,GREATER LV ASSOC OF REALTORS,1716402.52,6907
201304,INFORMATICSHO001,INFORMATICS HOLDINGS INC,7953.73,21
201304,KISHVETERINAR001,KISH VETERINARY SERVICES,494.26,6
201304,LGMOTORSPORTS001,L G MOTORSPORTS INC,6378.49,7
201304,MERCYCOLLEGEA001,MERCY COLLEGE AT NW OF OHIO-DEGREED,21470.53,69
201304,MIXANDMINGLEG001,MIX AND MINGLE GREEK BISTRO,788.72,30
201304,NETHERE200000001,NETHERE 2,27343.72,31
201304,NORMANDYFARMS003,NORMANDY FARMS CAMPGROUND,10350.12,497
201304,ORGONITE00000001,ORGONITE,677.13,15
201304,PERFORMANCEDI001,PERFORMANCE DIAGNOSTIC,3714.7,8
201304,PIONEERLINENS001,PIONEER LINENS,82052.09,154
201304,PIONEERLINENS002,PIONEER LINENS - FLOOR SALES,211199.41,414
201304,PIONEERLINENS003,PIONEER LINENS - YACHT SALES,35099.33,20
201304,PROKNEE000000002,PROKNEE,101730.04,422
201304,QUEENLANDINC0001,CAMP A WAY,4370.07,15
201304,REALTYSTORECO001,REALTYSTORE.COM,153157.07,5366
201304,RENOBALLOONRA001,RENO BALLOON RACE,1570,22
201304,ROOTAUTOMATIO001,ROOT AUTOMATION,1839.98,24
201304,SMARTBID00000001,SMARTBID,5378.89,261
201304,STASNYSFOODMA001,STASNYS FOOD MARKET,1718.83,8
201304,SURFSETFITNES001,SURFSET FITNESS INC,31451.79,21
201304,THEEONISTORE0001,EONI INTERNET,31654.22,769
201304,TOTALHIGHSPEE001,TOTAL HIGHSPEED LLC,50,1
201304,VERI-TAXCOM00001,VERI TAX LLC,96663.25,232
201304,VERIFICATIONB001,VERIFICATION BUREAU,5106,27
201304,VOGELPROMOTIO001,VOGEL PROMOTIONS LLC,.01,1
201304,WEBSBIGGESTCO001,WEBSBIGGEST.COM,5026,116
201304,WILDALCHEMY00001,WILD ALCHEMY,746,4
201304,WORKOUTTRAINI001,WORKOUT TRAINER,12248.34,762
201304,YMCA-PHIL-ABINGT,YMCA PHILADELPHIA- ABINGTON,170066.3,2158
201304,YMCA-PHIL-AMBLER,YMCA PHILADELPHIA- AMBLER,471338.84,5208
201304,YMCA-PHIL-CHRIST,YMCA PHILADELPHIA- CHRISTIAN ST,92845.41,1924
201304,YMCA-PHIL-COLUMB,YMCA PHILADELPHIA- COLUMBIA N BRANCH,24952.3,629
201304,YMCA-PHIL-HATBOR,YMCA PHILADELPHIA- HATBORO,108206.76,1509
201304,YMCA-PHIL-NORTHE,YMCA PHILADELPHIA- NORTHEAST,80298.01,1319
201304,YMCA-PHIL-ONLINE,YMCA PHILADELPHIA-ONLINE,95727.49,817
201304,YMCA-PHIL-ROCKY,YMCA PHILADELPHIA- ROCKY RUN,379115.3,4845
201304,YMCA-PHIL-ROXBOR,YMCA PHILADELPHIA- ROXBOROUGH,83320.07,1159
201304,YMCA-PHIL-UPPERM,YMCA PHILADELPHIA MAIN LINE,93228.22,1054
201304,YMCA-PHIL-VICIN,YMCA PHILADELPHIA AND VICINITY,2600,3
201304,YMCA-PHIL-WEST,YMCA PHILADELPHIA- WEST,61453.09,1555
201304,YMCABOSTONONL001,YMCA BOSTON ONLINE DONATIONS,3580,43
201304,YMCADETROITCA001,YMCA DETROIT CAMP - CHARITY,25147.94,121
201304,YMCAFDMSNASHV001,YMCA FDMS NASHVILLE,3765,32
201304,YMCAOFGREATER023,YMCA OF GREATER PITTSBURGH-CREDIT CARD,1077951.53,13377
201304,YMCAOFTHEGREA001,YMCA OF THE GREATER TWIN CITIES-WEB,7116,90
201304,YMCASILICONVA001,YMCA SILICON VALLEY INTERNET BRANCH,21664.33,125
201304,ZENCASH000000001,ZENCASH,13325.98,150

Date,Mid,Name,Amount,Count
 201207,BAHAMASEXPRES001,BAHAMAS EXPRESS,1960,6
201207,CYCLEPARTSCOM001,CYCLE PARTS.COM,25836.53,96
201208,ADTRIADLLC000001,SHOPMYCITY.COM,6487.27,94
201208,AMERICANWIREL001,AMERICAN WIRELESS INC,1739.7,30
201208,AUSTINPUBLICS001,AUSTIN PUBLIC SCHOOLS,1883.62,9
201208,AVALONWATERWA001,AVALON WATERWAYS,1632488.82,999
201208,BAHAMASEXPRES001,BAHAMAS EXPRESS,4670,11
201208,BCPSSD-SEWER0001,BCPSSD-SEWER,37028.14,374
201208,BCPSSDBCPSWD0001,BCPSSDBCPSWD,249622.19,3041
201208,BITLANCERLLC0001,BITLANCER LLC,277.5,2
201208,BLOOMINGTONIS001,BLOOMINGTON ISD CE,6283.36,34
201208,BRMMARKETINGA001,BRM MARKETING  ASSOCIATES INC,1678.62,58
201208,CAR-ISMACARWA001,CAR-ISMA CAR WASH,1171,121
201208,CHOICECOMMUNI002,CHOICE COMMUNICATIONS LLC,144437.91,2416
201208,CITYOFARLINGT001,CITY OF ARLINGTON,1589.78,10
201208,CITYOFBALTIC0001,CITY OF BALTIC,64.35,1
201208,CITYOFBENSONA001,CITY OF BENSON-AIRPORT,1155.96,5
201208,CITYOFCOLLEYV001,CITY OF COLLEYVILLE,1140.32,12
201208,CITYOFCOLLEYV003,COLLEYVILLE CITY COURT,11731.49,63
201208,CITYOFCOLLEYV006,COLLEYVILLE PERMITS,3839.18,24
201208,CITYOFLAKECRY002,CITY OF LAKE CRYSTAL,5532.75,32
201208,CITYOFLAKENOR001,CITY OF LAKE NORDEN,69.07,1
201208,CITYOFLUVERNE001,CITY OF LUVERNE,54.69,3
201208,CITYOFMONTBEL001,CITY OF MONT BELVIEU,961.51,5
201208,CITYOFPARKER0001,CITY OF PARKER,1554.23,8
201208,CITYOFVICTORI002,CITY OF VICTORIA,1331.98,8
201208,CITYOFVICTORI003,CITY OF VICTORIA-FIELD,2378.57,19
201208,CITYOFWINSTED001,CITY OF WINSTED,1214.78,11
201208,COMNETWIRELES001,CHOICE WIRELESS,39470.44,533
201208,CONTINENTALAI001,UNITED,1848,1
201208,COSMOSNORTHAM001,COSMOS NORTH AMERICAN OPTIONALS,233012.7,647
201208,COSMOSTOURS00001,COSMOS TOURS,2327561.7,1198
201208,CYCLEPARTSCOM001,CYCLE PARTS.COM,59067.64,207
201208,DELTAVACATION001,DELTA VACATIONS,80847,19
201208,DESMOINESPUBL003,COMMED DMSCHOOLS,27609,532
201208,EANESISD00000001,EANES ISD,1359.29,14
201208,EMERALDCOVEMA001,EMERALD COVE MARINA,46295.32,662
201208,GLOBUSFAMILYP002,GLOBUS FAMILY PURCHASE,4425,57
201208,GLOBUSNORTHAM001,GLOBUS NORTH AMERICAN OPTIONALS,40019.5,186
201208,GLOBUSTOURS00001,GLOBUS TOURS,8244909.57,2714
201208,GOODNEWSGARDE002,GOOD NEWS GARDENING CAFE,8987.44,547
201208,GOODVIEWCITY0001,GOODVIEW CITY,240.14,3
201208,GOODVIEWPUBLI001,GOODVIEW PUBLIC WORKS,1141.49,14
201208,GREATERLVASSO001,GREATER LV ASSOC OF REALTORS,325162.78,1398
201208,INNOVATIVEOUT001,INNOVATIVE OUTSOURCING INC,595,1
201208,ISD217FINANCE001,ISD 271FINANCE OFFICE,100,2
201208,KERRVILLEISD0002,KERRVILLE ISD,3718.61,12
201208,KINGSWAYAMIGO001,KINGSWAY AMIGO INSURANCE CO,174604.99,600
201208,KISHVETERINAR001,KISH VETERINARY SERVICES,632.08,6
201208,KWIKOMLLC0000001,KWIKOM COMMUNICATIONS,81.41,1
201208,LAKECRYSTALAR001,LAKE CRYSTAL AREA RC,2942.8,44
201208,LEWISCLARKRIV001,LEWIS  CLARK RIVER EXPEDITIONS,12.24,2
201208,LIN-MARKSPORT001,LIN-MARK SPORTS,85,1
201208,MERCYCOLLEGEA001,MERCY COLLEGE AT NW OF OHIO-DEGREED,117887.09,78
201208,MIXANDMINGLEG001,MIX AND MINGLE GREEK BISTRO,1024.64,21
201208,MONOGRAMS0000001,MONOGRAMS,990400.94,420
201208,MONOGRAMSPREP001,GLOBUS FAMILY PPO,219842,600
201208,NETHERE200000001,NETHERE 2,10185.48,8
201208,NORMANDYFARMS003,NORMANDY FARMS CAMPGROUND,10729.85,594
201208,NORTHAMERICAO002,NORTH AMERICA OPTIONALS,8268,22
201208,ONESTOPPARKIN001,ONESTOPPARKING.COM,73255.82,2031
201208,ORBRIDGEOPTIO001,ORBRIDGE OPTIONALS,1750,13
201208,ORGONITE00000001,ORGONITE,601.12,13
201208,OWATONNACOMME001,OWATONNA COMM. EDUC.,12390,212
201208,PARAGONREPROD001,PARAGON REPRODUCTIONS,268191.03,1345
201208,PERFORMANCEDI001,PERFORMANCE DIAGNOSTIC,2663.86,14
201208,PIONEERLINENS001,PIONEER LINENS,82267.24,253
201208,PIONEERLINENS002,PIONEER LINENS - FLOOR SALES,119817.26,195
201208,PIONEERLINENS003,PIONEER LINENS - YACHT SALES,22905.31,9
201208,PROKNEE000000002,PROKNEE,42612,155
201208,QUEENLANDINC0001,CAMP A WAY,553.14,8
201208,REALTYSTORECO001,REALTYSTORE.COM,89.4,2
201208,REDOAKCOURT00001,RED OAK CITY COURT,19073.2,100
201208,ROOTAUTOMATIO001,ROOT AUTOMATION,975.9,16
201208,SEMO-JPBOOKST001,SEMO-JP BOOKSTORE,290.97,8
201208,SKIPPERSBOOST001,SKIPPERS BOOSTER CLUB,12385.6,274
201208,SMARTBID00000001,SMARTBID,6515.01,292
201208,STASNYSFOODMA001,STASNYS FOOD MARKET,380.81,2
201208,STCLOUDCITYWE001,ST CLOUD UTILITY,5145,217
201208,STILLWATERPAR001,STILLWATER PARK RAMP,200,45
201208,STILLWATERPAR002,STILLWATER PARK RAMP,300,80
201208,STILLWATERPAR003,STILLWATER PARK RAMP,13.01,5
201208,STILLWATERPAR004,STILLWATER PARKING LOT,1929,487
201208,STILLWATERPAR005,STILLWATER PARKING LOT,8609.25,2159
201208,THEACTIVENETW001,THE ACTIVE NETWORK INC,22447,53
201208,THEEONISTORE0001,EONI INTERNET,20463.01,475
201208,VERI-TAXCOM00001,VERI TAX LLC,42205,282
201208,VERIFICATIONB001,VERIFICATION BUREAU,6619.6,22
201208,WAXYOCONNORSI001,WAXY OCONNORS IRISH PUB  RESTAURANT,33434.63,741
201208,WEBSBIGGESTCO001,WEBSBIGGEST.COM,4227,125
201208,YMCA-PHIL-ABINGT,YMCA PHILADELPHIA- ABINGTON,111377.2,1225
201208,YMCA-PHIL-AMBLER,YMCA PHILADELPHIA- AMBLER,197006.42,2107
201208,YMCA-PHIL-CHRIST,YMCA PHILADELPHIA- CHRISTIAN ST,46859.46,764
201208,YMCA-PHIL-COLUMB,YMCA PHILADELPHIA- COLUMBIA N BRANCH,16377.26,400
201208,YMCA-PHIL-HATBOR,YMCA PHILADELPHIA- HATBORO,72258.3,700
201208,YMCA-PHIL-NORTHE,YMCA PHILADELPHIA- NORTHEAST,62491.62,777
201208,YMCA-PHIL-ONLINE,YMCA PHILADELPHIA-ONLINE,105752.15,963
201208,YMCA-PHIL-ROCKY,YMCA PHILADELPHIA- ROCKY RUN,176058.37,2097
201208,YMCA-PHIL-ROXBOR,YMCA PHILADELPHIA- ROXBOROUGH,36278.7,449
201208,YMCA-PHIL-UPPERM,YMCA PHILADELPHIA MAIN LINE,41740.6,385
201208,YMCA-PHIL-VICIN,YMCA PHILADELPHIA AND VICINITY,3167.5,7
201208,YMCA-PHIL-WEST,YMCA PHILADELPHIA- WEST,33013.59,866
201208,YMCABOSTONONL001,YMCA BOSTON ONLINE DONATIONS,4530,15
201208,YMCADETROITCA001,YMCA DETROIT CAMP - CHARITY,10551.94,54
201208,YMCAMETROFORT001,YMCA METRO FORT WORTH,740156.12,10635
201208,YMCAOFMETROPO001,YMCA DALLAS TURKEY TROT,14001,282
201208,YMCAOFMETROPO002,YMCA DALLAS TURKEY TROT,1210,18
201208,YMCAOFMETROPO003,YMC DALLAS REGIONAL TRAINING,35,1
201208,YMCASILICONVA001,YMCA SILICON VALLEY INTERNET BRANCH,1602.5,28
201208,ZENCASH000000001,ZENCASH,1526,44
201209,ADTRIADLLC000001,SHOPMYCITY.COM,2286.5,122
201209,ALLPLAYERSCOM001,ALLPLAYERS.COM,7812,178
201209,AMERICANWIREL001,AMERICAN WIRELESS INC,4993.21,79
201209,AP2628627294,WISCONSIN JUNIORS VOLLEYB,4295,99
201209,AP6107774134,JSTROKE VOLLEYBALL CLUB,60,1
201209,AP7039308498,NORTHERN VIRGINIA VOLLEYB,50,1
201209,AP7657598790,MUNCIANA VOLLEYBALL,1050,18
201209,AP8087411276,KA ULUKOA,61176.8,34
201209,AUSTINPUBLICS001,AUSTIN PUBLIC SCHOOLS,1,1
201209,AVALONWATERWA001,AVALON WATERWAYS,2224177.15,1592
201209,BCPSSD-SEWER0001,BCPSSD-SEWER,71202.56,764
201209,BCPSSDBCPSWD0001,BCPSSDBCPSWD,552015.33,6499
201209,BECTV00000000001,BEC-TV,230,8
201209,BITLANCERLLC0001,BITLANCER LLC,744.67,4
201209,BLOOMINGTONIS001,BLOOMINGTON ISD CE,1705,20
201209,BRMMARKETINGA001,BRM MARKETING  ASSOCIATES INC,2431.27,85
201209,CHOICECOMMUNI002,CHOICE COMMUNICATIONS LLC,303926.02,5080
201209,CITYOFARLINGT001,CITY OF ARLINGTON,5584.46,34
201209,CITYOFBALTIC0001,CITY OF BALTIC,810.28,10
201209,CITYOFBENSONA001,CITY OF BENSON-AIRPORT,2759.59,17
201209,CITYOFCOLLEYV003,COLLEYVILLE CITY COURT,23690.78,124
201209,CITYOFCOLLEYV006,COLLEYVILLE PERMITS,2109.89,40
201209,CITYOFLAKECRY002,CITY OF LAKE CRYSTAL,5622.57,27
201209,CITYOFLAKENOR001,CITY OF LAKE NORDEN,1,1
201209,CITYOFLUVERNE001,CITY OF LUVERNE,58.75,5
201209,CITYOFMONTBEL001,CITY OF MONT BELVIEU,1513.05,18
201209,CITYOFPARKER0001,CITY OF PARKER,5924.61,26
201209,CITYOFVICTORI002,CITY OF VICTORIA,1028.1,17
201209,CITYOFVICTORI003,CITY OF VICTORIA-FIELD,3616.04,40
201209,CITYOFWINSTED001,CITY OF WINSTED,2385.92,28
201209,COMNETWIRELES001,CHOICE WIRELESS,89464.66,1169
201209,CONTINENTALAI001,UNITED,26848,9
201209,COSMOSNORTHAM001,COSMOS NORTH AMERICAN OPTIONALS,886514,2993
201209,COSMOSTOURS00001,COSMOS TOURS,2064744.53,1435
201209,CYCLEPARTSCOM001,CYCLE PARTS.COM,50387.89,206
201209,DELTAVACATION001,DELTA VACATIONS,55166.05,23
201209,DESMOINESPUBL003,COMMED DMSCHOOLS,36393.5,688
201209,EANESISD00000001,EANES ISD,4097.15,38
201209,EMERALDCOVEMA001,EMERALD COVE MARINA,51766.7,749
201209,ESIOBEVERAGEC001,ESIO BEVERAGE COMPANY LLC,87.92,1
201209,FCDYOUTHLLC00001,FCD YOUTH LLC,49635.04,210
201209,FREEDOMWIFI00001,FREEDOM WIFI,19.95,1
201209,GLOBUSFAMILYP002,GLOBUS FAMILY PURCHASE,6958.4,57
201209,GLOBUSNORTHAM001,GLOBUS NORTH AMERICAN OPTIONALS,210481,1041
201209,GLOBUSTOURS00001,GLOBUS TOURS,8212981.21,3661
201209,GOODNEWSGARDE002,GOOD NEWS GARDENING CAFE,15832.19,991
201209,GOODVIEWCITY0001,GOODVIEW CITY,546,8
201209,GOODVIEWPUBLI001,GOODVIEW PUBLIC WORKS,7972.3,57
201209,GREATERLVASSO001,GREATER LV ASSOC OF REALTORS,990300.94,4028
201209,INFORMATICSHO001,INFORMATICS HOLDINGS INC,7091.23,26
201209,KISHVETERINAR001,KISH VETERINARY SERVICES,311.84,8
201209,KWIKOMLLC0000001,KWIKOM COMMUNICATIONS,97.69,1
201209,LAKECRYSTALAR001,LAKE CRYSTAL AREA RC,5706.84,92
201209,LEWISCLARKRIV001,LEWIS  CLARK RIVER EXPEDITIONS,.55,2
201209,MERCYCOLLEGEA001,MERCY COLLEGE AT NW OF OHIO-DEGREED,227925.67,169
201209,MIXANDMINGLEG001,MIX AND MINGLE GREEK BISTRO,1263.09,48
201209,MONOGRAMS0000001,MONOGRAMS,1177223.31,547
201209,MONOGRAMSPREP001,GLOBUS FAMILY PPO,218359.01,680
201209,NETHERE200000001,NETHERE 2,49875.09,29
201209,NORMANDYFARMS003,NORMANDY FARMS CAMPGROUND,14743.94,776
201209,NORTHAMERICAO002,NORTH AMERICA OPTIONALS,3648,10
201209,ONESTOPPARKIN001,ONESTOPPARKING.COM,133725.03,3496
201209,ORBRIDGEOPTIO001,ORBRIDGE OPTIONALS,2240,17
201209,ORGONITE00000001,ORGONITE,638.38,25
201209,OWATONNACOMME001,OWATONNA COMM. EDUC.,54272.75,884
201209,PARAGONREPROD001,PARAGON REPRODUCTIONS,296932.99,1703
201209,PERFORMANCEDI001,PERFORMANCE DIAGNOSTIC,7068.34,10
201209,PIONEERLINENS001,PIONEER LINENS,108208.88,290
201209,PIONEERLINENS002,PIONEER LINENS - FLOOR SALES,138046.6,314
201209,PIONEERLINENS003,PIONEER LINENS - YACHT SALES,17599.7,12
201209,PROKNEE000000002,PROKNEE,66216.08,254
201209,QUEENLANDINC0001,CAMP A WAY,1966.72,11
201209,REALTYSTORECO001,REALTYSTORE.COM,49.6,1
201209,REDOAKCOURT00001,RED OAK CITY COURT,41944.74,218
201209,ROOTAUTOMATIO001,ROOT AUTOMATION,914.15,19
201209,SKIPPERSBOOST001,SKIPPERS BOOSTER CLUB,14790.06,282
201209,SMARTBID00000001,SMARTBID,15335.21,584
201209,STASNYSFOODMA001,STASNYS FOOD MARKET,1150.95,11
201209,STCLOUDCITYWE001,ST CLOUD UTILITY,14604,638
201209,STILLWATERPAR001,STILLWATER PARK RAMP,154,36
201209,STILLWATERPAR002,STILLWATER PARK RAMP,1221,268
201209,STILLWATERPAR004,STILLWATER PARKING LOT,30,6
201209,STILLWATERPAR005,STILLWATER PARKING LOT,24241.95,5970
201209,SURFSETFITNES001,SURFSET FITNESS INC,42020.98,101
201209,THEACTIVENETW001,THE ACTIVE NETWORK INC,71730,150
201209,THEEONISTORE0001,EONI INTERNET,43506.92,1054
201209,VERI-TAXCOM00001,VERI TAX LLC,82483,381
201209,VERIFICATIONB001,VERIFICATION BUREAU,9167.25,30
201209,WAXYOCONNORSI001,WAXY OCONNORS IRISH PUB  RESTAURANT,64294.18,1530
201209,WEBSBIGGESTCO001,WEBSBIGGEST.COM,6152,170
201209,WILDALCHEMY00001,WILD ALCHEMY,3435,5
201209,WORKOUTTRAINI001,WORKOUT TRAINER,4015.51,519
201209,YMCA-PHIL-ABINGT,YMCA PHILADELPHIA- ABINGTON,176634.92,2074
201209,YMCA-PHIL-AMBLER,YMCA PHILADELPHIA- AMBLER,438346.15,4645
201209,YMCA-PHIL-CHRIST,YMCA PHILADELPHIA- CHRISTIAN ST,81600.01,1715
201209,YMCA-PHIL-COLUMB,YMCA PHILADELPHIA- COLUMBIA N BRANCH,23610.69,591
201209,YMCA-PHIL-HATBOR,YMCA PHILADELPHIA- HATBORO,92726.83,1313
201209,YMCA-PHIL-NORTHE,YMCA PHILADELPHIA- NORTHEAST,81722.76,1187
201209,YMCA-PHIL-ONLINE,YMCA PHILADELPHIA-ONLINE,56382.95,400
201209,YMCA-PHIL-ROCKY,YMCA PHILADELPHIA- ROCKY RUN,339376.57,4303
201209,YMCA-PHIL-ROXBOR,YMCA PHILADELPHIA- ROXBOROUGH,69887.96,1025
201209,YMCA-PHIL-UPPERM,YMCA PHILADELPHIA MAIN LINE,74963.66,838
201209,YMCA-PHIL-VICIN,YMCA PHILADELPHIA AND VICINITY,10292.5,7
201209,YMCA-PHIL-WEST,YMCA PHILADELPHIA- WEST,54902.01,1426
201209,YMCABOSTONONL001,YMCA BOSTON ONLINE DONATIONS,4953,19
201209,YMCADETROITCA001,YMCA DETROIT CAMP - CHARITY,849.35,3
201209,YMCAMETROFORT001,YMCA METRO FORT WORTH,1058495.51,16104
201209,YMCAOFMETROPO001,YMCA DALLAS TURKEY TROT,25454,492
201209,YMCAOFMETROPO002,YMCA DALLAS TURKEY TROT,1500,23
201209,YMCAOFMETROPO003,YMC DALLAS REGIONAL TRAINING,2330,17
201209,YMCASILICONVA001,YMCA SILICON VALLEY INTERNET BRANCH,3806.25,28
201209,ZENCASH000000001,ZENCASH,1062.85,110
201210,411LOCALS0000001,411 LOCALS,806.6,11
201210,ADTRIADLLC000001,SHOPMYCITY.COM,28488.96,456
201210,ALLPLAYERSCOM001,ALLPLAYERS.COM,130996.95,1614
201210,AMERICANWIREL001,AMERICAN WIRELESS INC,6308.03,102
201210,AP2628627294,WISCONSIN JUNIORS VOLLEYB,20680,500
201210,AP3109013604,USA TEAM HANDBALL,9150,117
201210,AP4052096602,OKLAHOMA PREMIER VOLLEYBA,543.75,3
201210,AP4199373808,BLACKSWAMP VBC,4120,201
201210,AP7039308498,NORTHERN VIRGINIA VOLLEYB,28050,555
201210,AP7657598790,MUNCIANA VOLLEYBALL,40130,304
201210,AP8013224411,BOYS  GIRLS CLUBS OF GREA,11220,187
201210,AP8087411276,KA ULUKOA,41378.5,33
201210,AP9725334412,TOWN CENTER ELEMENTARY PA,75,3
201210,AVALONWATERWA001,AVALON WATERWAYS,2083323.04,1649
201210,BCPSSD-SEWER0001,BCPSSD-SEWER,62312.62,717
201210,BCPSSDBCPSWD0001,BCPSSDBCPSWD,572575.65,6674
201210,BECTV00000000001,BEC-TV,300,10
201210,BRMMARKETINGA001,BRM MARKETING  ASSOCIATES INC,1583.11,53
201210,CHOICECOMMUNI002,CHOICE COMMUNICATIONS LLC,354530.74,5779
201210,CITYOFBENSONA001,CITY OF BENSON-AIRPORT,111.95,2
201210,CITYOFCOLLEYV006,COLLEYVILLE PERMITS,2238.61,38
201210,CITYOFMONTBEL001,CITY OF MONT BELVIEU,4421.56,13
201210,CITYOFVICTORI002,CITY OF VICTORIA,530.4,8
201210,CITYOFVICTORI003,CITY OF VICTORIA-FIELD,1493.08,27
201210,CITYOFWINSTED001,CITY OF WINSTED,2497,16
201210,COMNETWIRELES001,CHOICE WIRELESS,105486.67,1316
201210,CONTINENTALAI001,UNITED,14520.2,3
201210,COSMOSNORTHAM001,COSMOS NORTH AMERICAN OPTIONALS,309605.72,1190
201210,COSMOSTOURS00001,COSMOS TOURS,1645561.94,1460
201210,CYCLEPARTSCOM001,CYCLE PARTS.COM,55026.88,255
201210,DELTAVACATION001,DELTA VACATIONS,60336.93,37
201210,DESMOINESPUBL003,COMMED DMSCHOOLS,8986,207
201210,EANESISD00000001,EANES ISD,1076.04,8
201210,EMERALDCOVEMA001,EMERALD COVE MARINA,8483.25,76
201210,ESIOBEVERAGEC001,ESIO BEVERAGE COMPANY LLC,87.92,1
201210,FCDYOUTHLLC00001,FCD YOUTH LLC,162904.02,645
201210,FREEDOMWIFI00001,FREEDOM WIFI,139.55,5
201210,GLOBUSFAMILYP002,GLOBUS FAMILY PURCHASE,5311.08,39
201210,GLOBUSNORTHAM001,GLOBUS NORTH AMERICAN OPTIONALS,101187,486
201210,GLOBUSTOURS00001,GLOBUS TOURS,7010555.81,4038
201210,GOODNEWSGARDE002,GOOD NEWS GARDENING CAFE,16895.96,1081
201210,GREATERLVASSO001,GREATER LV ASSOC OF REALTORS,1627250.32,7050
201210,INFORMATICSHO001,INFORMATICS HOLDINGS INC,7965.86,36
201210,INNOVATIVEOUT001,INNOVATIVE OUTSOURCING INC,675,2
201210,KISHVETERINAR001,KISH VETERINARY SERVICES,415.44,5
201210,MERCYCOLLEGEA001,MERCY COLLEGE AT NW OF OHIO-DEGREED,112947.14,147
201210,MIXANDMINGLEG001,MIX AND MINGLE GREEK BISTRO,1011.57,42
201210,MONOGRAMS0000001,MONOGRAMS,1434284.57,627
201210,MONOGRAMSPREP001,GLOBUS FAMILY PPO,51372,185
201210,NETHERE200000001,NETHERE 2,28304.46,29
201210,NORMANDYFARMS003,NORMANDY FARMS CAMPGROUND,10118.77,532
201210,ONESTOPPARKIN001,ONESTOPPARKING.COM,39952.85,1133
201210,ORGONITE00000001,ORGONITE,613.45,31
201210,OWATONNACOMME001,OWATONNA COMM. EDUC.,32132.84,489
201210,PERFORMANCEDI001,PERFORMANCE DIAGNOSTIC,7697.99,24
201210,PIONEERLINENS001,PIONEER LINENS,139189.59,334
201210,PIONEERLINENS002,PIONEER LINENS - FLOOR SALES,220223.33,426
201210,PIONEERLINENS003,PIONEER LINENS - YACHT SALES,15385.52,16
201210,PROKNEE000000002,PROKNEE,75183.88,292
201210,QUEENLANDINC0001,CAMP A WAY,442.9,3
201210,REALTYSTORECO001,REALTYSTORE.COM,49.6,1
201210,REDOAKCOURT00001,RED OAK CITY COURT,29005,159
201210,ROOTAUTOMATIO001,ROOT AUTOMATION,2661.91,25
201210,SKIPPERSBOOST001,SKIPPERS BOOSTER CLUB,2929.25,54
201210,SMARTBID00000001,SMARTBID,14911.69,511
201210,STASNYSFOODMA001,STASNYS FOOD MARKET,2653.2,16
201210,STCLOUDCITYWE001,ST CLOUD UTILITY,13487,474
201210,STILLWATERPAR001,STILLWATER PARK RAMP,154,30
201210,STILLWATERPAR002,STILLWATER PARK RAMP,1196,268
201210,STILLWATERPAR005,STILLWATER PARKING LOT,9891.65,2577
201210,SURFSETFITNES001,SURFSET FITNESS INC,55700.75,181
201210,THEACTIVENETW001,THE ACTIVE NETWORK INC,214557.5,455
201210,THEEONISTORE0001,EONI INTERNET,43786.28,1077
201210,VERI-TAXCOM00001,VERI TAX LLC,132205.5,346
201210,VERIFICATIONB001,VERIFICATION BUREAU,3498.3,18
201210,WAXYOCONNORSI001,WAXY OCONNORS IRISH PUB  RESTAURANT,84775.55,1920
201210,WEBSBIGGESTCO001,WEBSBIGGEST.COM,7900,198
201210,WILDALCHEMY00001,WILD ALCHEMY,1668,6
201210,WORKOUTTRAINI001,WORKOUT TRAINER,12329.67,1526
201210,YMCA-DAL-METRO,YMCA DALLAS - METRO,21.58,1
201210,YMCA-PHIL-ABINGT,YMCA PHILADELPHIA- ABINGTON,170346.72,2195
201210,YMCA-PHIL-AMBLER,YMCA PHILADELPHIA- AMBLER,468310.97,5256
201210,YMCA-PHIL-CHRIST,YMCA PHILADELPHIA- CHRISTIAN ST,83862.12,1773
201210,YMCA-PHIL-COLUMB,YMCA PHILADELPHIA- COLUMBIA N BRANCH,19658.57,497
201210,YMCA-PHIL-HATBOR,YMCA PHILADELPHIA- HATBORO,104598.6,1481
201210,YMCA-PHIL-NORTHE,YMCA PHILADELPHIA- NORTHEAST,85141.64,1241
201210,YMCA-PHIL-ONLINE,YMCA PHILADELPHIA-ONLINE,109988.15,989
201210,YMCA-PHIL-ROCKY,YMCA PHILADELPHIA- ROCKY RUN,393572.22,4652
201210,YMCA-PHIL-ROXBOR,YMCA PHILADELPHIA- ROXBOROUGH,73820.56,1011
201210,YMCA-PHIL-UPPERM,YMCA PHILADELPHIA MAIN LINE,90475.76,960
201210,YMCA-PHIL-VICIN,YMCA PHILADELPHIA AND VICINITY,23842.5,19
201210,YMCA-PHIL-WEST,YMCA PHILADELPHIA- WEST,52039.01,1402
201210,YMCABOSTONONL001,YMCA BOSTON ONLINE DONATIONS,17968,125
201210,YMCAMETROFORT001,YMCA METRO FORT WORTH,1001399.01,15249
201210,YMCAOFGREATER003,YMCA OF GREATER PITTSBURGH- METRO,65686.04,805
201210,YMCAOFMETROPO001,YMCA DALLAS TURKEY TROT,108116,1911
201210,YMCAOFMETROPO002,YMCA DALLAS TURKEY TROT,535,9
201210,YMCAOFTHEGREA001,YMCA OF THE GREATER TWIN CITIES-WEB,7381,80
201210,YMCASILICONVA001,YMCA SILICON VALLEY INTERNET BRANCH,10955.5,33
201210,ZENCASH000000001,ZENCASH,1927.78,134
201211,ADTRIADLLC000001,SHOPMYCITY.COM,2725.34,103
201211,ALLPLAYERSCOM001,ALLPLAYERS.COM,306899.2,2562
201211,AMERICANWIREL001,AMERICAN WIRELESS INC,5959,103
201211,AP2149544402,THE FIRST TEE OF GREATER,655,20
201211,AP2628627294,WISCONSIN JUNIORS VOLLEYB,8437,197
201211,AP3109013604,USA TEAM HANDBALL,7215,101
201211,AP4052096602,OKLAHOMA PREMIER VOLLEYBA,205.5,1
201211,AP4199373808,BLACKSWAMP VBC,2520,125
201211,AP6107774134,JSTROKE VOLLEYBALL CLUB,410.04,6
201211,AP7039308498,NORTHERN VIRGINIA VOLLEYB,190934.93,477
201211,AP7657598790,MUNCIANA VOLLEYBALL,74500,269
201211,AP7742330162,BAY PATH FIGURE SKATING C,1504.5,19
201211,AP8013224411,BOYS  GIRLS CLUBS OF GREA,12240,201
201211,AP8087411276,KA ULUKOA,81740.5,85
201211,AP9725334412,TOWN CENTER ELEMENTARY PA,50,2
201211,AVALONWATERWA001,AVALON WATERWAYS,2009896.72,1569
201211,BCPSSD-SEWER0001,BCPSSD-SEWER,63741.8,710
201211,BCPSSDBCPSWD0001,BCPSSDBCPSWD,598797.61,6975
201211,BECTV00000000001,BEC-TV,125,3
201211,BITLANCERLLC0001,BITLANCER LLC,10,1
201211,BRMMARKETINGA001,BRM MARKETING  ASSOCIATES INC,1337.88,52
201211,CHOICECOMMUNI002,CHOICE COMMUNICATIONS LLC,333241.67,5714
201211,CITYOFBENSONA001,CITY OF BENSON-AIRPORT,955.6,7
201211,COMNETWIRELES001,CHOICE WIRELESS,109360.48,1576
201211,CONTINENTALAI001,UNITED,5258,5
201211,COSMOSNORTHAM001,COSMOS NORTH AMERICAN OPTIONALS,49866.5,178
201211,COSMOSTOURS00001,COSMOS TOURS,1380898.05,1099
201211,CYCLEPARTSCOM001,CYCLE PARTS.COM,48342.75,207
201211,CYCLIVATE0000001,CYCLIVATE,301,13
201211,DELTAVACATION001,DELTA VACATIONS,91230.9,39
201211,DESMOINESPUBL003,COMMED DMSCHOOLS,2007,45
201211,EMERALDCOVEMA001,EMERALD COVE MARINA,4450.98,16
201211,ESIOBEVERAGEC001,ESIO BEVERAGE COMPANY LLC,4718.26,2
201211,FCDYOUTHLLC00001,FCD YOUTH LLC,131719.85,555
201211,FREEDOMWIFI00001,FREEDOM WIFI,190.35,13
201211,GLOBUSFAMILYP002,GLOBUS FAMILY PURCHASE,6293.82,9
201211,GLOBUSNORTHAM001,GLOBUS NORTH AMERICAN OPTIONALS,11721,33
201211,GLOBUSTOURS00001,GLOBUS TOURS,6742129.32,3610
201211,GOODNEWSGARDE002,GOOD NEWS GARDENING CAFE,13860.54,891
201211,GREATERLVASSO001,GREATER LV ASSOC OF REALTORS,533069.29,1757
201211,INFORMATICSHO001,INFORMATICS HOLDINGS INC,4598.3,17
201211,INNOVATIVEOUT001,INNOVATIVE OUTSOURCING INC,595,1
201211,KISHVETERINAR001,KISH VETERINARY SERVICES,153.26,4
201211,MERCYCOLLEGEA001,MERCY COLLEGE AT NW OF OHIO-DEGREED,44556.56,97
201211,MIXANDMINGLEG001,MIX AND MINGLE GREEK BISTRO,642.61,26
201211,MONOGRAMS0000001,MONOGRAMS,1299259.34,564
201211,MONOGRAMSPREP001,GLOBUS FAMILY PPO,19442,66
201211,NETHERE200000001,NETHERE 2,18464.4,19
201211,NORMANDYFARMS003,NORMANDY FARMS CAMPGROUND,6186.56,173
201211,NORTHAMERICAO002,NORTH AMERICA OPTIONALS,46334,112
201211,ORGONITE00000001,ORGONITE,1025.29,24
201211,OWATONNACOMME001,OWATONNA COMM. EDUC.,9228.57,153
201211,PERFORMANCEDI001,PERFORMANCE DIAGNOSTIC,6937.29,15
201211,PIONEERLINENS001,PIONEER LINENS,143992.78,346
201211,PIONEERLINENS002,PIONEER LINENS - FLOOR SALES,349951.11,628
201211,PIONEERLINENS003,PIONEER LINENS - YACHT SALES,26370.18,20
201211,PROKNEE000000002,PROKNEE,63464.06,256
201211,QUEENLANDINC0001,CAMP A WAY,1061.64,4
201211,REDOAKCOURT00001,RED OAK CITY COURT,11868.15,56
201211,ROOTAUTOMATIO001,ROOT AUTOMATION,1588.26,21
201211,SMARTBID00000001,SMARTBID,16413.19,712
201211,STASNYSFOODMA001,STASNYS FOOD MARKET,3380.49,22
201211,STCLOUDCITYWE001,ST CLOUD UTILITY,4867,190
201211,STILLWATERPAR001,STILLWATER PARK RAMP,46,12
201211,STILLWATERPAR002,STILLWATER PARK RAMP,222,68
201211,SURFSETFITNES001,SURFSET FITNESS INC,50363.6,89
201211,THEACTIVENETW001,THE ACTIVE NETWORK INC,214152,353
201211,THEEONISTORE0001,EONI INTERNET,45203.93,1053
201211,VERI-TAXCOM00001,VERI TAX LLC,111523,320
201211,VERIFICATIONB001,VERIFICATION BUREAU,12545.72,44
201211,WAXYOCONNORSI001,WAXY OCONNORS IRISH PUB  RESTAURANT,66578.42,1579
201211,WEBSBIGGESTCO001,WEBSBIGGEST.COM,7340,221
201211,WORKOUTTRAINI001,WORKOUT TRAINER,11246.16,1398
201211,YMCA-DAL-METRO,YMCA DALLAS - METRO,719.8,14
201211,YMCA-PHIL-ABINGT,YMCA PHILADELPHIA- ABINGTON,164412.57,2123
201211,YMCA-PHIL-AMBLER,YMCA PHILADELPHIA- AMBLER,421631.92,4607
201211,YMCA-PHIL-CHRIST,YMCA PHILADELPHIA- CHRISTIAN ST,70425.97,1558
201211,YMCA-PHIL-COLUMB,YMCA PHILADELPHIA- COLUMBIA N BRANCH,19538.7,515
201211,YMCA-PHIL-HATBOR,YMCA PHILADELPHIA- HATBORO,75475.66,1122
201211,YMCA-PHIL-NORTHE,YMCA PHILADELPHIA- NORTHEAST,74085.89,1079
201211,YMCA-PHIL-ONLINE,YMCA PHILADELPHIA-ONLINE,59710.29,340
201211,YMCA-PHIL-ROCKY,YMCA PHILADELPHIA- ROCKY RUN,344029.91,4207
201211,YMCA-PHIL-ROXBOR,YMCA PHILADELPHIA- ROXBOROUGH,72542.82,979
201211,YMCA-PHIL-UPPERM,YMCA PHILADELPHIA MAIN LINE,65317.21,788
201211,YMCA-PHIL-VICIN,YMCA PHILADELPHIA AND VICINITY,32097.5,15
201211,YMCA-PHIL-WEST,YMCA PHILADELPHIA- WEST,44536.75,1263
201211,YMCABOSTONONL001,YMCA BOSTON ONLINE DONATIONS,1845,16
201211,YMCAFDMSNASHV001,YMCA FDMS NASHVILLE,2170,28
201211,YMCAOFGREATER003,YMCA OF GREATER PITTSBURGH- METRO,29257.77,413
201211,YMCAOFGREATER023,YMCA OF GREATER PITTSBURGH-CREDIT CARD,113352.51,1480
201211,YMCAOFMETROPO001,YMCA DALLAS TURKEY TROT,726934.05,11844
201211,YMCAOFMETROPO002,YMCA DALLAS TURKEY TROT,7046,31
201211,YMCAOFMETROPO003,YMC DALLAS REGIONAL TRAINING,1,1
201211,YMCAOFTHEGREA001,YMCA OF THE GREATER TWIN CITIES-WEB,412,9
201211,YMCASILICONVA001,YMCA SILICON VALLEY INTERNET BRANCH,9070,34
201211,ZENCASH000000001,ZENCASH,1629.68,107
201212,ADTRIADLLC000001,SHOPMYCITY.COM,3493.84,129
201212,ALLPLAYERSCOM001,ALLPLAYERS.COM,181698.11,1024
201212,AMERICANWIREL001,AMERICAN WIRELESS INC,6487.07,97
201212,AP2149544402,THE FIRST TEE OF GREATER,2270,42
201212,AP2628627294,WISCONSIN JUNIORS VOLLEYB,6529,56
201212,AP3109013604,USA TEAM HANDBALL,490,8
201212,AP6107774134,JSTROKE VOLLEYBALL CLUB,.36,36
201212,AP7039308498,NORTHERN VIRGINIA VOLLEYB,132134.75,246
201212,AP7657598790,MUNCIANA VOLLEYBALL,59600,146
201212,AP8087411276,KA ULUKOA,33918.1,49
201212,AP9725334412,TOWN CENTER ELEMENTARY PA,50,1
201212,AVALONWATERWA001,AVALON WATERWAYS,2464331.34,1372
201212,BCPSSD-SEWER0001,BCPSSD-SEWER,49256.73,599
201212,BCPSSDBCPSWD0001,BCPSSDBCPSWD,530701.89,6409
201212,BITLANCERLLC0001,BITLANCER LLC,460,2
201212,BRMMARKETINGA001,BRM MARKETING  ASSOCIATES INC,1135.06,38
201212,CHOICECOMMUNI002,CHOICE COMMUNICATIONS LLC,337266.25,5800
201212,COMNETWIRELES001,CHOICE WIRELESS,117625.68,1714
201212,CONTINENTALAI001,UNITED,29064,14
201212,COSMOSNORTHAM001,COSMOS NORTH AMERICAN OPTIONALS,12662,23
201212,COSMOSTOURS00001,COSMOS TOURS,1142473.06,1025
201212,CYCLEPARTSCOM001,CYCLE PARTS.COM,68389.35,208
201212,CYCLIVATE0000001,CYCLIVATE,1030,31
201212,DELTAVACATION001,DELTA VACATIONS,68001,24
201212,EMERALDCOVEMA001,EMERALD COVE MARINA,1047.98,5
201212,ESIOBEVERAGEC001,ESIO BEVERAGE COMPANY LLC,87.92,1
201212,FCDYOUTHLLC00001,FCD YOUTH LLC,113241.24,504
201212,FREEDOMWIFI00001,FREEDOM WIFI,611.3,20
201212,GLOBUSFAMILYP002,GLOBUS FAMILY PURCHASE,5658,13
201212,GLOBUSNORTHAM001,GLOBUS NORTH AMERICAN OPTIONALS,41008,77
201212,GLOBUSTOURS00001,GLOBUS TOURS,7786490.37,3300
201212,GOODNEWSGARDE002,GOOD NEWS GARDENING CAFE,14454.79,863
201212,GREATERLVASSO001,GREATER LV ASSOC OF REALTORS,1528785.37,3659
201212,INFORMATICSHO001,INFORMATICS HOLDINGS INC,12891.82,32
201212,INNOVATIVEOUT001,INNOVATIVE OUTSOURCING INC,595,1
201212,KISHVETERINAR001,KISH VETERINARY SERVICES,532.14,9
201212,LGMOTORSPORTS001,L G MOTORSPORTS INC,1651.66,4
201212,MERCYCOLLEGEA001,MERCY COLLEGE AT NW OF OHIO-DEGREED,29971.84,95
201212,MIXANDMINGLEG001,MIX AND MINGLE GREEK BISTRO,1465.66,31
201212,MONOGRAMS0000001,MONOGRAMS,1151261.43,561
201212,MONOGRAMSPREP001,GLOBUS FAMILY PPO,15522,37
201212,NETHERE200000001,NETHERE 2,27735.93,28
201212,NORMANDYFARMS003,NORMANDY FARMS CAMPGROUND,5627.28,42
201212,NORTHAMERICAO002,NORTH AMERICA OPTIONALS,25158,59
201212,ORGONITE00000001,ORGONITE,719.01,12
201212,PERFORMANCEDI001,PERFORMANCE DIAGNOSTIC,5626.44,15
201212,PIONEERLINENS001,PIONEER LINENS,154262.62,348
201212,PIONEERLINENS002,PIONEER LINENS - FLOOR SALES,373289.61,684
201212,PIONEERLINENS003,PIONEER LINENS - YACHT SALES,37316.22,22
201212,PROKNEE000000002,PROKNEE,76964.88,285
201212,QUEENLANDINC0001,CAMP A WAY,2493.49,7
201212,ROOTAUTOMATIO001,ROOT AUTOMATION,1293.32,18
201212,SCHOLARSHOTIN001,SCHOLARSHOT INC,2550,8
201212,SMARTBID00000001,SMARTBID,36837.2,866
201212,STASNYSFOODMA001,STASNYS FOOD MARKET,4047.64,26
201212,SURFSETFITNES001,SURFSET FITNESS INC,36755.8,56
201212,THEACTIVENETW001,THE ACTIVE NETWORK INC,104660,172
201212,THEEONISTORE0001,EONI INTERNET,42646.96,1049
201212,VERI-TAXCOM00001,VERI TAX LLC,66022,337
201212,VERIFICATIONB001,VERIFICATION BUREAU,11404.75,35
201212,WAXYOCONNORSI001,WAXY OCONNORS IRISH PUB  RESTAURANT,68179.24,1501
201212,WEBSBIGGESTCO001,WEBSBIGGEST.COM,6644,159
201212,WORKOUTTRAINI001,WORKOUT TRAINER,9120.77,1141
201212,YMCA-PHIL-ABINGT,YMCA PHILADELPHIA- ABINGTON,155449.6,1967
201212,YMCA-PHIL-AMBLER,YMCA PHILADELPHIA- AMBLER,472033.81,5148
201212,YMCA-PHIL-CHRIST,YMCA PHILADELPHIA- CHRISTIAN ST,74348.02,1612
201212,YMCA-PHIL-COLUMB,YMCA PHILADELPHIA- COLUMBIA N BRANCH,18704.75,448
201212,YMCA-PHIL-HATBOR,YMCA PHILADELPHIA- HATBORO,91656.24,1359
201212,YMCA-PHIL-NORTHE,YMCA PHILADELPHIA- NORTHEAST,67866.49,1063
201212,YMCA-PHIL-ONLINE,YMCA PHILADELPHIA-ONLINE,128794.97,1072
201212,YMCA-PHIL-ROCKY,YMCA PHILADELPHIA- ROCKY RUN,349585.93,4498
201212,YMCA-PHIL-ROXBOR,YMCA PHILADELPHIA- ROXBOROUGH,67135.96,923
201212,YMCA-PHIL-UPPERM,YMCA PHILADELPHIA MAIN LINE,81939.91,883
201212,YMCA-PHIL-VICIN,YMCA PHILADELPHIA AND VICINITY,32788.3,8
201212,YMCA-PHIL-WEST,YMCA PHILADELPHIA- WEST,46052.14,1247
201212,YMCABOSTONONL001,YMCA BOSTON ONLINE DONATIONS,24361,77
201212,YMCAFDMSNASHV001,YMCA FDMS NASHVILLE,855,13
201212,YMCAOFGREATER023,YMCA OF GREATER PITTSBURGH-CREDIT CARD,888244.71,11631
201212,YMCAOFTHEGREA001,YMCA OF THE GREATER TWIN CITIES-WEB,1502,20
201212,YMCASILICONVA001,YMCA SILICON VALLEY INTERNET BRANCH,18603.75,70
201212,ZENCASH000000001,ZENCASH,1116.3,131
201301,ADTRIADLLC000001,SHOPMYCITY.COM,7258.34,243
201301,ALLPLAYERSCOM001,ALLPLAYERS.COM,255455.98,1405
201301,AMERICANWIREL001,AMERICAN WIRELESS INC,7875.9,113
201301,AP2149544402,THE FIRST TEE OF GREATER,714,15
201301,AP2628627294,WISCONSIN JUNIORS VOLLEYB,6082,48
201301,AP6107774134,JSTROKE VOLLEYBALL CLUB,.02,2
201301,AP7039308498,NORTHERN VIRGINIA VOLLEYB,192644.99,454
201301,AP7657598790,MUNCIANA VOLLEYBALL,1375,4
201301,AP8087411276,KA ULUKOA,57072.2,104
201301,AVALONWATERWA001,AVALON WATERWAYS,10874375.22,3500
201301,BCPSSD-SEWER0001,BCPSSD-SEWER,66546.01,818
201301,BCPSSDBCPSWD0001,BCPSSDBCPSWD,610752.07,7286
201301,BITLANCERLLC0001,BITLANCER LLC,1295,4
201301,BRMMARKETINGA001,BRM MARKETING  ASSOCIATES INC,776.62,26
201301,CHOICECOMMUNI002,CHOICE COMMUNICATIONS LLC,372090.7,6037
201301,COMNETWIRELES001,CHOICE WIRELESS,123079.43,1840
201301,CONTINENTALAI001,UNITED,28113,16
201301,COSMOSNORTHAM001,COSMOS NORTH AMERICAN OPTIONALS,29982,57
201301,COSMOSTOURS00001,COSMOS TOURS,3396531.79,2658
201301,CYCLEPARTSCOM001,CYCLE PARTS.COM,126962.61,263
201301,CYCLIVATE0000001,CYCLIVATE,330,24
201301,DELTAVACATION001,DELTA VACATIONS,74194,43
201301,EMERALDCOVEMA001,EMERALD COVE MARINA,110,4
201301,ESIOBEVERAGEC001,ESIO BEVERAGE COMPANY LLC,100.1,2
201301,FCDYOUTHLLC00001,FCD YOUTH LLC,303163.81,1091
201301,FREEDOMWIFI00001,FREEDOM WIFI,1471.8,47
201301,GLOBUSFAMILYP002,GLOBUS FAMILY PURCHASE,2865,4
201301,GLOBUSNORTHAM001,GLOBUS NORTH AMERICAN OPTIONALS,55870,94
201301,GLOBUSTOURS00001,GLOBUS TOURS,12716978.03,6789
201301,GOODNEWSGARDE002,GOOD NEWS GARDENING CAFE,10930.89,766
201301,GREATERLVASSO001,GREATER LV ASSOC OF REALTORS,3439842.63,7045
201301,INFORMATICSHO001,INFORMATICS HOLDINGS INC,9117.49,37
201301,INNOVATIVEOUT001,INNOVATIVE OUTSOURCING INC,595,1
201301,KISHVETERINAR001,KISH VETERINARY SERVICES,532.53,8
201301,LGMOTORSPORTS001,L G MOTORSPORTS INC,4213.35,10
201301,MERCYCOLLEGEA001,MERCY COLLEGE AT NW OF OHIO-DEGREED,172325.69,161
201301,MIXANDMINGLEG001,MIX AND MINGLE GREEK BISTRO,798.88,31
201301,MONOGRAMS0000001,MONOGRAMS,2200480.11,1233
201301,MONOGRAMSPREP001,GLOBUS FAMILY PPO,115354,272
201301,NETHERE200000001,NETHERE 2,22818.58,27
201301,NORMANDYFARMS003,NORMANDY FARMS CAMPGROUND,230.84,3
201301,NORTHAMERICAO002,NORTH AMERICA OPTIONALS,6125,11
201301,ORGONITE00000001,ORGONITE,739.12,23
201301,PERFORMANCEDI001,PERFORMANCE DIAGNOSTIC,8536.14,21
201301,PIONEERLINENS001,PIONEER LINENS,188386.6,430
201301,PIONEERLINENS002,PIONEER LINENS - FLOOR SALES,522585.99,982
201301,PIONEERLINENS003,PIONEER LINENS - YACHT SALES,33332.26,34
201301,PROKNEE000000002,PROKNEE,83533.36,280
201301,QUEENLANDINC0001,CAMP A WAY,1366.71,5
201301,RENOBALLOONRA001,RENO BALLOON RACE,160,4
201301,ROOTAUTOMATIO001,ROOT AUTOMATION,2090.25,30
201301,SMARTBID00000001,SMARTBID,49487.57,1198
201301,STASNYSFOODMA001,STASNYS FOOD MARKET,2524.82,12
201301,SURFSETFITNES001,SURFSET FITNESS INC,63321.08,110
201301,THEEONISTORE0001,EONI INTERNET,45809.56,1099
201301,TOTALHIGHSPEE001,TOTAL HIGHSPEED LLC,150,3
201301,VERI-TAXCOM00001,VERI TAX LLC,78628.5,329
201301,VERIFICATIONB001,VERIFICATION BUREAU,7518.45,38
201301,WAXYOCONNORSI001,WAXY OCONNORS IRISH PUB  RESTAURANT,51843.63,1334
201301,WEBSBIGGESTCO001,WEBSBIGGEST.COM,7493,171
201301,WORKOUTTRAINI001,WORKOUT TRAINER,8162.78,1020
201301,YMCA-PHIL-ABINGT,YMCA PHILADELPHIA- ABINGTON,167354.33,2029
201301,YMCA-PHIL-AMBLER,YMCA PHILADELPHIA- AMBLER,470646.01,4980
201301,YMCA-PHIL-CHRIST,YMCA PHILADELPHIA- CHRISTIAN ST,82119.02,1689
201301,YMCA-PHIL-COLUMB,YMCA PHILADELPHIA- COLUMBIA N BRANCH,22213.65,549
201301,YMCA-PHIL-HATBOR,YMCA PHILADELPHIA- HATBORO,83044.34,1235
201301,YMCA-PHIL-NORTHE,YMCA PHILADELPHIA- NORTHEAST,78807.83,1163
201301,YMCA-PHIL-ONLINE,YMCA PHILADELPHIA-ONLINE,94694.81,752
201301,YMCA-PHIL-ROCKY,YMCA PHILADELPHIA- ROCKY RUN,380229.23,4728
201301,YMCA-PHIL-ROXBOR,YMCA PHILADELPHIA- ROXBOROUGH,78626.84,1094
201301,YMCA-PHIL-UPPERM,YMCA PHILADELPHIA MAIN LINE,72869.89,868
201301,YMCA-PHIL-VICIN,YMCA PHILADELPHIA AND VICINITY,18500,4
201301,YMCA-PHIL-WEST,YMCA PHILADELPHIA- WEST,55694.53,1416
201301,YMCABOSTONONL001,YMCA BOSTON ONLINE DONATIONS,4883,26
201301,YMCADETROITCA001,YMCA DETROIT CAMP - CHARITY,2179.14,10
201301,YMCAFDMSNASHV001,YMCA FDMS NASHVILLE,6300,67
201301,YMCAOFGREATER023,YMCA OF GREATER PITTSBURGH-CREDIT CARD,1078762.14,13833
201301,YMCAOFMETROPO002,YMCA DALLAS TURKEY TROT,1,1
201301,YMCAOFMETROPO003,YMC DALLAS REGIONAL TRAINING,1,1
201301,YMCAOFTHEGREA001,YMCA OF THE GREATER TWIN CITIES-WEB,31841,493
201301,YMCASILICONVA001,YMCA SILICON VALLEY INTERNET BRANCH,31096.63,98
201301,ZENCASH000000001,ZENCASH,1787.8,133
201302,ADTRIADLLC000001,SHOPMYCITY.COM,15107,364
201302,ALLPLAYERSCOM001,ALLPLAYERS.COM,240692.46,1615
201302,AMERICANWIREL001,AMERICAN WIRELESS INC,7675.85,121
201302,AP2149544402,THE FIRST TEE OF GREATER,3360,75
201302,AP2628627294,WISCONSIN JUNIORS VOLLEYB,17315,100
201302,AP6107774134,JSTROKE VOLLEYBALL CLUB,.15,15
201302,AP7039308498,NORTHERN VIRGINIA VOLLEYB,157898.95,436
201302,AP7657598790,MUNCIANA VOLLEYBALL,39650,119
201302,AP8087411276,KA ULUKOA,19039.1,37
201302,AP9725334412,TOWN CENTER ELEMENTARY PA,510,20
201302,AVALONWATERWA001,AVALON WATERWAYS,12678585.63,3557
201302,BCPSSD-SEWER0001,BCPSSD-SEWER,49725.66,544
201302,BCPSSDBCPSWD0001,BCPSSDBCPSWD,651993.55,7373
201302,BITLANCERLLC0001,BITLANCER LLC,135,3
201302,BRMMARKETINGA001,BRM MARKETING  ASSOCIATES INC,806.49,27
201302,CHOICECOMMUNI002,CHOICE COMMUNICATIONS LLC,352971.65,5820
201302,COMNETWIRELES001,CHOICE WIRELESS,140829.74,2193
201302,CONTINENTALAI001,UNITED,50135,22
201302,COSMOSNORTHAM001,COSMOS NORTH AMERICAN OPTIONALS,43349.55,94
201302,COSMOSTOURS00001,COSMOS TOURS,4945673.67,3294
201302,CYCLEPARTSCOM001,CYCLE PARTS.COM,84066.87,221
201302,CYCLIVATE0000001,CYCLIVATE,110,11
201302,DELTAVACATION001,DELTA VACATIONS,175093,64
201302,ESIOBEVERAGEC001,ESIO BEVERAGE COMPANY LLC,3702.18,2
201302,FCDYOUTHLLC00001,FCD YOUTH LLC,182387.6,846
201302,FREEDOMWIFI00001,FREEDOM WIFI,910.2,34
201302,GLOBUSFAMILYP002,GLOBUS FAMILY PURCHASE,544,11
201302,GLOBUSNORTHAM001,GLOBUS NORTH AMERICAN OPTIONALS,64433,149
201302,GLOBUSTOURS00001,GLOBUS TOURS,14667517.88,7425
201302,GOODNEWSGARDE002,GOOD NEWS GARDENING CAFE,12356.74,851
201302,GREATERLVASSO001,GREATER LV ASSOC OF REALTORS,247779.11,1170
201302,INFORMATICSHO001,INFORMATICS HOLDINGS INC,8905.39,20
201302,INNOVATIVEOUT001,INNOVATIVE OUTSOURCING INC,595,1
201302,KISHVETERINAR001,KISH VETERINARY SERVICES,224.08,4
201302,LGMOTORSPORTS001,L G MOTORSPORTS INC,8243.92,10
201302,MERCYCOLLEGEA001,MERCY COLLEGE AT NW OF OHIO-DEGREED,229683.47,186
201302,MIXANDMINGLEG001,MIX AND MINGLE GREEK BISTRO,3216.45,63
201302,MONOGRAMS0000001,MONOGRAMS,2448445.49,1280
201302,MONOGRAMSPREP001,GLOBUS FAMILY PPO,219348,561
201302,NETHERE200000001,NETHERE 2,24226.54,24
201302,NORMANDYFARMS003,NORMANDY FARMS CAMPGROUND,219,4
201302,ORGONITE00000001,ORGONITE,532.6,15
201302,PERFORMANCEDI001,PERFORMANCE DIAGNOSTIC,3779.95,11
201302,PIONEERLINENS001,PIONEER LINENS,71983.88,231
201302,PIONEERLINENS002,PIONEER LINENS - FLOOR SALES,304719.61,646
201302,PIONEERLINENS003,PIONEER LINENS - YACHT SALES,23221.77,25
201302,PROKNEE000000002,PROKNEE,81983.76,331
201302,QUEENLANDINC0001,CAMP A WAY,1655.49,4
201302,REALTYSTORECO001,REALTYSTORE.COM,128369.59,5400
201302,RENOBALLOONRA001,RENO BALLOON RACE,1850,37
201302,ROOTAUTOMATIO001,ROOT AUTOMATION,1243.36,16
201302,SMARTBID00000001,SMARTBID,21616.1,618
201302,STASNYSFOODMA001,STASNYS FOOD MARKET,1512.03,9
201302,SURFSETFITNES001,SURFSET FITNESS INC,56676.92,77
201302,THEACTIVENETW001,THE ACTIVE NETWORK INC,1550,2
201302,THEEONISTORE0001,EONI INTERNET,40367.58,976
201302,TOTALHIGHSPEE001,TOTAL HIGHSPEED LLC,350,7
201302,VERI-TAXCOM00001,VERI TAX LLC,142103.25,267
201302,VERIFICATIONB001,VERIFICATION BUREAU,3598.95,28
201302,WEBSBIGGESTCO001,WEBSBIGGEST.COM,6382,193
201302,WORKOUTTRAINI001,WORKOUT TRAINER,8012.31,992
201302,YMCA-PHIL-ABINGT,YMCA PHILADELPHIA- ABINGTON,196100.6,2354
201302,YMCA-PHIL-AMBLER,YMCA PHILADELPHIA- AMBLER,535349.78,5756
201302,YMCA-PHIL-CHRIST,YMCA PHILADELPHIA- CHRISTIAN ST,95237.04,1900
201302,YMCA-PHIL-COLUMB,YMCA PHILADELPHIA- COLUMBIA N BRANCH,24088.06,603
201302,YMCA-PHIL-HATBOR,YMCA PHILADELPHIA- HATBORO,128084.41,1633
201302,YMCA-PHIL-NORTHE,YMCA PHILADELPHIA- NORTHEAST,87044.68,1300
201302,YMCA-PHIL-ONLINE,YMCA PHILADELPHIA-ONLINE,178726.62,1553
201302,YMCA-PHIL-ROCKY,YMCA PHILADELPHIA- ROCKY RUN,412246.67,5197
201302,YMCA-PHIL-ROXBOR,YMCA PHILADELPHIA- ROXBOROUGH,82059.99,1145
201302,YMCA-PHIL-UPPERM,YMCA PHILADELPHIA MAIN LINE,95191.12,1061
201302,YMCA-PHIL-VICIN,YMCA PHILADELPHIA AND VICINITY,9100,5
201302,YMCA-PHIL-WEST,YMCA PHILADELPHIA- WEST,61457.67,1524
201302,YMCABOSTONONL001,YMCA BOSTON ONLINE DONATIONS,4431,37
201302,YMCADETROITCA001,YMCA DETROIT CAMP - CHARITY,11761.24,46
201302,YMCAFDMSNASHV001,YMCA FDMS NASHVILLE,13700,124
201302,YMCAOFGREATER023,YMCA OF GREATER PITTSBURGH-CREDIT CARD,1051540.06,13640
201302,YMCAOFMETROPO003,YMC DALLAS REGIONAL TRAINING,1865,15
201302,YMCAOFTHEGREA001,YMCA OF THE GREATER TWIN CITIES-WEB,4350,85
201302,YMCASILICONVA001,YMCA SILICON VALLEY INTERNET BRANCH,20795.33,168
201302,ZENCASH000000001,ZENCASH,4690.75,124
201303,ADTRIADLLC000001,SHOPMYCITY.COM,21345.59,578
201303,ALLPLAYERSCOM001,ALLPLAYERS.COM,147386.05,834
201303,AMERICANWIREL001,AMERICAN WIRELESS INC,8268.26,136
201303,AP2149544402,THE FIRST TEE OF GREATER,336,8
201303,AP2628627294,WISCONSIN JUNIORS VOLLEYB,7239,50
201303,AP6107774134,JSTROKE VOLLEYBALL CLUB,200.1,11
201303,AP7039308498,NORTHERN VIRGINIA VOLLEYB,180835.28,493
201303,AP7657598790,MUNCIANA VOLLEYBALL,39910,136
201303,AP8013224411,BOYS  GIRLS CLUBS OF GREA,800,16
201303,AP8087411276,KA ULUKOA,9966.72,22
201303,AP9725334412,TOWN CENTER ELEMENTARY PA,745,16
201303,BCPSSD-SEWER0001,BCPSSD-SEWER,35815.63,417
201303,BCPSSDBCPSWD0001,BCPSSDBCPSWD,636965.23,7601
201303,BITLANCERLLC0001,BITLANCER LLC,4635,7
201303,BRMMARKETINGA001,BRM MARKETING  ASSOCIATES INC,746.75,25
201303,CHOICECOMMUNI002,CHOICE COMMUNICATIONS LLC,384416.86,6326
201303,COMNETWIRELES001,CHOICE WIRELESS,148917.9,2416
201303,CYCLEPARTSCOM001,CYCLE PARTS.COM,74125.28,229
201303,CYCLIVATE0000001,CYCLIVATE,60,6
201303,FCDYOUTHLLC00001,FCD YOUTH LLC,110610.8,666
201303,FREEDOMWIFI00001,FREEDOM WIFI,787.95,24
201303,GOODNEWSGARDE002,GOOD NEWS GARDENING CAFE,18254.14,1197
201303,GREATERLVASSO001,GREATER LV ASSOC OF REALTORS,1146937.61,4654
201303,INFORMATICSHO001,INFORMATICS HOLDINGS INC,12518.87,35
201303,INNOVATIVEOUT001,INNOVATIVE OUTSOURCING INC,595,1
201303,KISHVETERINAR001,KISH VETERINARY SERVICES,337.18,7
201303,LGMOTORSPORTS001,L G MOTORSPORTS INC,16087.92,18
201303,MERCYCOLLEGEA001,MERCY COLLEGE AT NW OF OHIO-DEGREED,100754.27,149
201303,MIXANDMINGLEG001,MIX AND MINGLE GREEK BISTRO,2877.28,73
201303,MONOGRAMS0000001,MONOGRAMS,1200,2
201303,NETHERE200000001,NETHERE 2,22639.58,27
201303,NORMANDYFARMS003,NORMANDY FARMS CAMPGROUND,1262,11
201303,ORGONITE00000001,ORGONITE,476.16,17
201303,PERFORMANCEDI001,PERFORMANCE DIAGNOSTIC,2175.41,16
201303,PIONEERLINENS001,PIONEER LINENS,71656.49,202
201303,PIONEERLINENS002,PIONEER LINENS - FLOOR SALES,343755.2,719
201303,PIONEERLINENS003,PIONEER LINENS - YACHT SALES,34363.71,31
201303,PROKNEE000000002,PROKNEE,90624.06,361
201303,QUEENLANDINC0001,CAMP A WAY,4114.57,12
201303,REALTYSTORECO001,REALTYSTORE.COM,196012.41,7584
201303,RENOBALLOONRA001,RENO BALLOON RACE,4685,32
201303,ROOTAUTOMATIO001,ROOT AUTOMATION,2295.5,21
201303,SMARTBID00000001,SMARTBID,10063.55,456
201303,STASNYSFOODMA001,STASNYS FOOD MARKET,1549.83,8
201303,SURFSETFITNES001,SURFSET FITNESS INC,99822.78,136
201303,THEEONISTORE0001,EONI INTERNET,47772.65,1165
201303,TOTALHIGHSPEE001,TOTAL HIGHSPEED LLC,20,1
201303,VERI-TAXCOM00001,VERI TAX LLC,86593.5,289
201303,VERIFICATIONB001,VERIFICATION BUREAU,7174.5,28
201303,WEBSBIGGESTCO001,WEBSBIGGEST.COM,5944,161
201303,WILDALCHEMY00001,WILD ALCHEMY,198,2
201303,WORKOUTTRAINI001,WORKOUT TRAINER,7299.32,897
201303,YMCA-PHIL-ABINGT,YMCA PHILADELPHIA- ABINGTON,190890.47,2248
201303,YMCA-PHIL-AMBLER,YMCA PHILADELPHIA- AMBLER,508195.1,5443
201303,YMCA-PHIL-CHRIST,YMCA PHILADELPHIA- CHRISTIAN ST,89825.94,1811
201303,YMCA-PHIL-COLUMB,YMCA PHILADELPHIA- COLUMBIA N BRANCH,27659.48,639
201303,YMCA-PHIL-HATBOR,YMCA PHILADELPHIA- HATBORO,104929.13,1428
201303,YMCA-PHIL-NORTHE,YMCA PHILADELPHIA- NORTHEAST,87039.62,1263
201303,YMCA-PHIL-ONLINE,YMCA PHILADELPHIA-ONLINE,135446.46,1133
201303,YMCA-PHIL-ROCKY,YMCA PHILADELPHIA- ROCKY RUN,423541.05,5029
201303,YMCA-PHIL-ROXBOR,YMCA PHILADELPHIA- ROXBOROUGH,82533.31,1119
201303,YMCA-PHIL-UPPERM,YMCA PHILADELPHIA MAIN LINE,77900.48,915
201303,YMCA-PHIL-VICIN,YMCA PHILADELPHIA AND VICINITY,2600,4
201303,YMCA-PHIL-WEST,YMCA PHILADELPHIA- WEST,61093.13,1559
201303,YMCABOSTONONL001,YMCA BOSTON ONLINE DONATIONS,4969,60
201303,YMCADETROITCA001,YMCA DETROIT CAMP - CHARITY,28302.71,118
201303,YMCAFDMSNASHV001,YMCA FDMS NASHVILLE,2770,42
201303,YMCANORTHWEST001,YMCA NORTHWEST LA  DONATIONS,1000,1
201303,YMCAOFGREATER023,YMCA OF GREATER PITTSBURGH-CREDIT CARD,1186308.91,14066
201303,YMCAOFMETROPO002,YMCA DALLAS TURKEY TROT,120,2
201303,YMCAOFMETROPO003,YMC DALLAS REGIONAL TRAINING,990,7
201303,YMCAOFTHEGREA001,YMCA OF THE GREATER TWIN CITIES-WEB,9547,98
201303,YMCASILICONVA001,YMCA SILICON VALLEY INTERNET BRANCH,47026.33,333
201303,ZENCASH000000001,ZENCASH,2973.7,159
201304,ADTRIADLLC000001,SHOPMYCITY.COM,5058,312
201304,ALLPLAYERSCOM001,ALLPLAYERS.COM,31609.75,232
201304,AMERICANWIREL001,AMERICAN WIRELESS INC,6238.01,99
201304,AP2149544402,THE FIRST TEE OF GREATER,3864,82
201304,AP2628627294,WISCONSIN JUNIORS VOLLEYB,7133,50
201304,AP6107774134,JSTROKE VOLLEYBALL CLUB,1170.12,16
201304,AP7039308498,NORTHERN VIRGINIA VOLLEYB,129079.49,367
201304,AP7657598790,MUNCIANA VOLLEYBALL,15380,89
201304,AP8013224411,BOYS  GIRLS CLUBS OF GREA,985,19
201304,AP8087411276,KA ULUKOA,6220,14
201304,AP9725334412,TOWN CENTER ELEMENTARY PA,4955,118
201304,BCPSSD-SEWER0001,BCPSSD-SEWER,635.49,7
201304,BCPSSDBCPSWD0001,BCPSSDBCPSWD,197067.79,2708
201304,BITLANCERLLC0001,BITLANCER LLC,135,3
201304,BRMMARKETINGA001,BRM MARKETING  ASSOCIATES INC,597.4,20
201304,CHOICECOMMUNI002,CHOICE COMMUNICATIONS LLC,262512.56,4417
201304,COMNETWIRELES001,CHOICE WIRELESS,107011.49,1790
201304,CYCLEPARTSCOM001,CYCLE PARTS.COM,28951.14,154
201304,FCDYOUTHLLC00001,FCD YOUTH LLC,101553.15,742
201304,FREEDOMWIFI00001,FREEDOM WIFI,239.45,7
201304,GOODNEWSGARDE002,GOOD NEWS GARDENING CAFE,12842.53,866
201304,GREATERLVASSO001,GREATER LV ASSOC OF REALTORS,1716402.52,6907
201304,INFORMATICSHO001,INFORMATICS HOLDINGS INC,7953.73,21
201304,KISHVETERINAR001,KISH VETERINARY SERVICES,494.26,6
201304,LGMOTORSPORTS001,L G MOTORSPORTS INC,6378.49,7
201304,MERCYCOLLEGEA001,MERCY COLLEGE AT NW OF OHIO-DEGREED,21470.53,69
201304,MIXANDMINGLEG001,MIX AND MINGLE GREEK BISTRO,788.72,30
201304,NETHERE200000001,NETHERE 2,27343.72,31
201304,NORMANDYFARMS003,NORMANDY FARMS CAMPGROUND,10350.12,497
201304,ORGONITE00000001,ORGONITE,677.13,15
201304,PERFORMANCEDI001,PERFORMANCE DIAGNOSTIC,3714.7,8
201304,PIONEERLINENS001,PIONEER LINENS,82052.09,154
201304,PIONEERLINENS002,PIONEER LINENS - FLOOR SALES,211199.41,414
201304,PIONEERLINENS003,PIONEER LINENS - YACHT SALES,35099.33,20
201304,PROKNEE000000002,PROKNEE,101730.04,422
201304,QUEENLANDINC0001,CAMP A WAY,4370.07,15
201304,REALTYSTORECO001,REALTYSTORE.COM,153157.07,5366
201304,RENOBALLOONRA001,RENO BALLOON RACE,1570,22
201304,ROOTAUTOMATIO001,ROOT AUTOMATION,1839.98,24
201304,SMARTBID00000001,SMARTBID,5378.89,261
201304,STASNYSFOODMA001,STASNYS FOOD MARKET,1718.83,8
201304,SURFSETFITNES001,SURFSET FITNESS INC,31451.79,21
201304,THEEONISTORE0001,EONI INTERNET,31654.22,769
201304,TOTALHIGHSPEE001,TOTAL HIGHSPEED LLC,50,1
201304,VERI-TAXCOM00001,VERI TAX LLC,96663.25,232
201304,VERIFICATIONB001,VERIFICATION BUREAU,5106,27
201304,VOGELPROMOTIO001,VOGEL PROMOTIONS LLC,.01,1
201304,WEBSBIGGESTCO001,WEBSBIGGEST.COM,5026,116
201304,WILDALCHEMY00001,WILD ALCHEMY,746,4
201304,WORKOUTTRAINI001,WORKOUT TRAINER,12248.34,762
201304,YMCA-PHIL-ABINGT,YMCA PHILADELPHIA- ABINGTON,170066.3,2158
201304,YMCA-PHIL-AMBLER,YMCA PHILADELPHIA- AMBLER,471338.84,5208
201304,YMCA-PHIL-CHRIST,YMCA PHILADELPHIA- CHRISTIAN ST,92845.41,1924
201304,YMCA-PHIL-COLUMB,YMCA PHILADELPHIA- COLUMBIA N BRANCH,24952.3,629
201304,YMCA-PHIL-HATBOR,YMCA PHILADELPHIA- HATBORO,108206.76,1509
201304,YMCA-PHIL-NORTHE,YMCA PHILADELPHIA- NORTHEAST,80298.01,1319
201304,YMCA-PHIL-ONLINE,YMCA PHILADELPHIA-ONLINE,95727.49,817
201304,YMCA-PHIL-ROCKY,YMCA PHILADELPHIA- ROCKY RUN,379115.3,4845
201304,YMCA-PHIL-ROXBOR,YMCA PHILADELPHIA- ROXBOROUGH,83320.07,1159
201304,YMCA-PHIL-UPPERM,YMCA PHILADELPHIA MAIN LINE,93228.22,1054
201304,YMCA-PHIL-VICIN,YMCA PHILADELPHIA AND VICINITY,2600,3
201304,YMCA-PHIL-WEST,YMCA PHILADELPHIA- WEST,61453.09,1555
201304,YMCABOSTONONL001,YMCA BOSTON ONLINE DONATIONS,3580,43
201304,YMCADETROITCA001,YMCA DETROIT CAMP - CHARITY,25147.94,121
201304,YMCAFDMSNASHV001,YMCA FDMS NASHVILLE,3765,32
201304,YMCAOFGREATER023,YMCA OF GREATER PITTSBURGH-CREDIT CARD,1077951.53,13377
201304,YMCAOFTHEGREA001,YMCA OF THE GREATER TWIN CITIES-WEB,7116,90
201304,YMCASILICONVA001,YMCA SILICON VALLEY INTERNET BRANCH,21664.33,125
201304,ZENCASH000000001,ZENCASH,13325.98,150

